,LocID,Location,Latitude,Longitude,Precipitation,LocComments,AverageAridityIndex,AverageAnnualEvapoTranspiration,AnnualMeanTemperature,MeanDiurnalRange,Isothermality,TemperatureSeasonality,MaxTemperatureofWarmestMonth,MinTemperatureofColdestMonth,TemperatureAnnualRange,MeanTemperatureofWettestQuarter,MeanTemperatureofDriestQuarter,MeanTemperatureofWarmestQuarter,MeanTemperatureofColdestQuarter,AnnualPrecipitation,PrecipitationofWettestMonth,PrecipitationofDriestMonth,PrecipitationSeasonality,PrecipitationofWettestQuarter,PrecipitationofDriestQuarter,PrecipitationofWarmestQuarter,PrecipitationofColdestQuarter,Elevation
0,1,Abrisqueta_2006_SJoAR,38.0,-1.0,,,177.0,1704.0,17.879167556762695,11.358333587646484,41.605613708496094,586.4432983398438,32.400001525878906,5.099999904632568,27.30000114440918,19.0,25.266666412353516,25.450000762939453,11.149999618530273,303.0,46.0,5.0,42.45603561401367,108.0,31.0,41.0,73.0,67.0
1,2,Alletto_2009_G,43.6,1.4,255.0,,552.0,1213.0,13.266666412353516,9.75,37.937744140625,589.2920532226562,27.700000762939453,2.0,25.700000762939453,15.233333587646484,20.600000381469727,20.766666412353516,6.5,670.0,76.0,44.0,15.409408569335938,207.0,146.0,159.0,157.0,145.0
2,3,Angulo-Jaramillo_1996_SSSoAJ,45.4,5.3,,,864.0,1122.0,10.779166221618652,9.541666030883789,34.82360076904297,653.7669067382812,26.100000381469727,-1.2999999523162842,27.399999618530273,11.133333206176758,3.0333333015441895,19.016666412353516,3.0333333015441895,971.0,104.0,62.0,19.043588638305664,295.0,199.0,214.0,199.0,419.0
3,4,Ankeny_1990_SSSoAJ,42.0,-92.9,,,747.0,1165.0,8.737500190734863,11.708333015441895,27.484350204467773,1130.5311279296875,29.299999237060547,-13.300000190734863,42.599998474121094,21.983333587646484,-6.050000190734863,21.983333587646484,-6.050000190734863,871.0,119.0,24.0,47.508460998535156,336.0,83.0,336.0,83.0,305.0
4,5,Asada_2012_EJoSS,35.3,135.3,1484.0,,1425.0,1175.0,13.737500190734863,8.741666793823242,27.576234817504883,857.4993286132812,30.600000381469727,-1.100000023841858,31.700000762939453,20.899999618530273,5.900000095367432,24.366666793823242,3.4666666984558105,1676.0,205.0,98.0,24.9788818359375,520.0,328.0,520.0,330.0,179.0
5,6,Azevado_1998_SS,42.1,-93.9,,,730.0,1166.0,8.675000190734863,11.983333587646484,27.998443603515625,1127.3994140625,29.299999237060547,-13.5,42.79999923706055,19.799999237060547,-6.083333492279053,21.850000381469727,-6.083333492279053,852.0,128.0,21.0,50.297237396240234,337.0,76.0,331.0,76.0,339.0
6,7,Bagarello_2000_SSSoAJ,38.0,13.3,,,394.0,1400.0,14.324999809265137,6.883333206176758,30.058223724365234,598.8720703125,27.5,4.599999904632568,22.899999618530273,12.100000381469727,21.866666793823242,21.950000762939453,7.75,553.0,78.0,6.0,55.88896560668945,230.0,30.0,68.0,196.0,671.0
7,8,Bagarello_2007_G,38.0,13.0,,,317.0,1537.0,17.495832443237305,7.608333110809326,34.426849365234375,546.2119750976562,29.899999618530273,7.800000190734863,22.099998474121094,15.716667175292969,24.21666717529297,24.549999237060547,11.466666221618652,488.0,72.0,3.0,60.0944709777832,210.0,21.0,54.0,154.0,180.0
8,9,Bagarello_2010_G,38.0,13.3,,,394.0,1400.0,14.324999809265137,6.883333206176758,30.058223724365234,598.8720703125,27.5,4.599999904632568,22.899999618530273,12.100000381469727,21.866666793823242,21.950000762939453,7.75,553.0,78.0,6.0,55.88896560668945,230.0,30.0,68.0,196.0,671.0
9,10,Baird_1997_HP,51.2,-2.9,,,1060.0,807.0,10.375,7.566667079925537,39.61605453491211,432.2273254394531,21.200000762939453,2.0999999046325684,19.100000381469727,6.449999809265137,11.566666603088379,15.950000762939453,5.5333333015441895,856.0,93.0,50.0,20.727550506591797,272.0,165.0,187.0,249.0,3.0
10,11,Basile_2012_EAS,41.1,14.2,584.0,,712.0,1265.0,15.449999809265137,10.016666412353516,38.086185455322266,610.3016967773438,29.799999237060547,3.5,26.299999237060547,12.566666603088379,23.116666793823242,23.116666793823242,8.433333396911621,901.0,135.0,22.0,45.65938186645508,355.0,97.0,97.0,282.0,20.0
11,12,Blair_2000_AJoSR,-31.1,150.9,671.0,,373.0,1835.0,17.3125,13.725000381469727,48.67021179199219,546.34375,31.399999618530273,3.200000047683716,28.19999885559082,22.616666793823242,17.933332443237305,23.816665649414062,10.283333778381348,686.0,99.0,37.0,32.37833786010742,247.0,126.0,244.0,133.0,404.0
12,13,Blair_2006_SaTR_PartI,51.8,-0.3,693.0,,840.0,789.0,9.691666603088379,7.7833333015441895,37.41987228393555,481.9413146972656,21.600000381469727,0.800000011920929,20.80000114440918,7.333333492279053,14.066666603088379,15.833333969116211,4.166666507720947,664.0,67.0,42.0,15.276651382446289,195.0,146.0,151.0,175.0,94.0
13,14,Blair_2006_SaTR_PartII,51.2,12.0,484.0,,620.0,872.0,9.225000381469727,8.366666793823242,31.691917419433594,669.2278442382812,24.200000762939453,-2.200000047683716,26.400001525878906,17.516666412353516,2.0833332538604736,17.516666412353516,1.1166666746139526,541.0,78.0,29.0,32.125572204589844,196.0,98.0,196.0,99.0,167.0
14,15,Blair_2006_SaTR_PartIII,-31.1,150.9,671.0,,373.0,1835.0,17.3125,13.725000381469727,48.67021179199219,546.34375,31.399999618530273,3.200000047683716,28.19999885559082,22.616666793823242,17.933332443237305,23.816665649414062,10.283333778381348,686.0,99.0,37.0,32.37833786010742,247.0,126.0,244.0,133.0,404.0
15,16,Bodhinayake_2004_HP,52.0,-106.0,360.0,,413.0,960.0,2.0208332538604736,11.908333778381348,25.33687973022461,1312.7408447265625,24.600000381469727,-22.399999618530273,47.0,15.133333206176758,-12.433333396911621,17.08333396911621,-15.100000381469727,397.0,66.0,11.0,58.5389518737793,182.0,45.0,179.0,45.0,522.0
16,17,Bodhinayake_2004_SSSoAJ,52.0,-107.0,321.0,,368.0,990.0,2.4749999046325684,12.066666603088379,26.061914443969727,1287.408447265625,25.0,-21.299999237060547,46.29999923706055,15.233333587646484,-11.600000381469727,17.25,-14.399999618530273,365.0,65.0,10.0,61.23358154296875,174.0,41.0,169.0,42.0,519.0
17,18,Bodhinayake_2004_VZJ,52.0,-107.0,321.0,,368.0,990.0,2.4749999046325684,12.066666603088379,26.061914443969727,1287.408447265625,25.0,-21.299999237060547,46.29999923706055,15.233333587646484,-11.600000381469727,17.25,-14.399999618530273,365.0,65.0,10.0,61.23358154296875,174.0,41.0,169.0,42.0,519.0
18,19,Bodner_2008_G,48.2,16.6,491.0,,569.0,1025.0,10.133333206176758,9.199999809265137,31.18644142150879,773.49951171875,26.100000381469727,-3.4000000953674316,29.5,19.549999237060547,2.0833332538604736,19.549999237060547,0.5333333015441895,584.0,71.0,32.0,28.244518280029297,202.0,102.0,202.0,102.0,150.0
19,20,Bridge_1994_AJoSR,-26.6,151.9,,,451.0,1787.0,18.320833206176758,12.541666984558105,51.19047546386719,443.3573303222656,29.5,5.0,24.5,23.28333282470703,12.333333015441895,23.28333282470703,12.333333015441895,807.0,117.0,34.0,45.52264404296875,333.0,115.0,333.0,115.0,455.0
20,21,Buttle_2000_HP,45.2,-78.8,,,1329.0,820.0,4.2833333015441895,11.016666412353516,26.804542541503906,1081.460205078125,24.399999618530273,-16.700000762939453,41.099998474121094,6.550000190734863,-3.700000047683716,16.983333587646484,-9.583333015441895,1091.0,117.0,68.0,16.774065017700195,330.0,211.0,260.0,265.0,414.0
21,22,Caldwell_2008_GRL,36.8,-115.9,,,50.0,2645.0,15.341666221618652,18.53333282470703,43.40359115600586,884.4305419921875,38.29999923706055,-4.400000095367432,42.70000076293945,6.9166669845581055,19.200000762939453,26.53333282470703,4.866666793823242,133.0,18.0,3.0,41.82208251953125,47.0,17.0,35.0,47.0,961.0
22,23,Cameira_2003_SaTR,39.0,-8.5,,,458.0,1508.0,16.462499618530273,10.008333206176758,43.70451354980469,455.1429748535156,29.399999618530273,6.5,22.899999618530273,11.850000381469727,21.983333587646484,22.266666412353516,11.050000190734863,692.0,109.0,5.0,61.84100341796875,305.0,32.0,39.0,289.0,82.0
23,24,Carey_2007_HP,60.5,-135.3,,,616.0,695.0,-3.8333334922790527,10.783333778381348,28.008657455444336,971.920166015625,16.0,-22.5,38.5,7.133333206176758,-5.0,8.383333206176758,-15.216667175292969,420.0,51.0,7.0,37.9763069152832,142.0,47.0,137.0,119.0,1561.0
24,25,Carter_1992_AJoSR,-36.0,146.0,590.0,,295.0,1713.0,15.616666793823242,12.600000381469727,45.65217590332031,556.5369262695312,30.799999237060547,3.200000047683716,27.599998474121094,9.766666412353516,19.816665649414062,22.549999237060547,8.850000381469727,506.0,55.0,28.0,20.598308563232422,154.0,94.0,108.0,148.0,126.0
25,26,Casanova_2000_HP,-33.5,-70.8,270.0,,238.0,1568.0,15.266666412353516,13.000000953674316,50.78125,469.32415771484375,29.200000762939453,3.5999999046325684,25.600000381469727,10.033333778381348,21.03333282470703,21.03333282470703,9.449999809265137,374.0,94.0,1.0,106.12118530273438,243.0,7.0,7.0,235.0,456.0
26,27,Castellini_2006_AiG,41.5,15.5,,,340.0,1431.0,15.725000381469727,10.25,37.13768005371094,655.7039794921875,31.399999618530273,3.799999952316284,27.600000381469727,12.683333396911621,24.116666793823242,24.116666793823242,8.350000381469727,488.0,61.0,26.0,24.737751007080078,162.0,87.0,87.0,130.0,65.0
27,28,Cey_2009_JoCH,43.6,-80.5,,,1037.0,903.0,6.445833206176758,9.608333587646484,25.968467712402344,1010.2777709960938,25.399999618530273,-11.600000381469727,37.0,17.733333587646484,-5.616666793823242,18.450000762939453,-6.266666889190674,938.0,93.0,55.0,16.55594253540039,278.0,180.0,266.0,192.0,346.0
28,29,Comegna_2006_WITToEaE,40.7,15.8,,,474.0,1209.0,11.683333396911621,7.599999904632568,30.5220890045166,625.6536254882812,26.0,1.100000023841858,24.899999618530273,8.916666984558105,19.649999618530273,19.649999618530273,4.7166666984558105,574.0,66.0,22.0,28.970972061157227,187.0,83.0,83.0,171.0,770.0
29,30,Cook_1994_SaTR,-34.5,146.2,,,235.0,1893.0,16.649999618530273,13.949999809265137,46.345516204833984,588.657958984375,32.5,2.4000000953674316,30.100000381469727,12.899999618530273,21.200000762939453,23.91666603088379,9.40000057220459,446.0,45.0,29.0,13.258278846740723,126.0,100.0,101.0,116.0,130.0
30,31,Coquet_2005_G,48.3,1.8,,,648.0,957.0,10.574999809265137,8.716666221618652,35.871055603027344,567.3442993164062,25.0,0.699999988079071,24.299999237060547,15.766666412353516,6.666666507720947,17.683334350585938,3.866666555404663,621.0,63.0,41.0,11.745351791381836,169.0,140.0,147.0,155.0,145.0
31,32,Costantini_1995_AJoSR,-27.1,153.0,1375.0,,716.0,1826.0,20.316667556762695,10.949999809265137,50.930233001708984,390.3863525390625,29.799999237060547,8.300000190734863,21.5,24.53333282470703,15.916666984558105,24.71666717529297,15.083333969116211,1308.0,168.0,39.0,41.54962158203125,490.0,157.0,482.0,183.0,12.0
32,33,Coutadeur_2002_AiG,48.9,2.3,,,620.0,1030.0,11.904166221618652,7.858333110809326,34.31586456298828,569.4992065429688,25.100000381469727,2.200000047683716,22.899999618530273,17.383333206176758,6.066666603088379,19.116666793823242,5.199999809265137,640.0,63.0,42.0,10.683881759643555,178.0,148.0,157.0,156.0,35.0
33,34,Coutadeur_2002_EJoSS,48.7,2.0,,,693.0,918.0,10.391666412353516,7.766666412353516,34.21438980102539,556.0773315429688,23.5,0.800000011920929,22.700000762939453,7.266666412353516,6.550000190734863,17.366666793823242,3.7833333015441895,637.0,61.0,42.0,9.861763000488281,172.0,148.0,150.0,160.0,153.0
34,35,Dann_2009_VZJ,-43.6,172.3,650.0,,551.0,1222.0,11.716666221618652,11.050000190734863,49.774776458740234,409.10284423828125,23.399999618530273,1.2000000476837158,22.19999885559082,6.5333333015441895,16.649999618530273,16.649999618530273,6.5333333015441895,674.0,69.0,48.0,11.109363555908203,181.0,157.0,157.0,181.0,76.0
35,36,Daraghmeh_2008_SSSoAJ,55.45,11.73,600.0,,756.0,817.0,8.504166603088379,4.758333206176758,21.337818145751953,668.0584106445312,20.799999237060547,-1.5,22.299999237060547,16.183332443237305,3.049999952316284,16.983333587646484,0.6666666269302368,618.0,65.0,33.0,20.264179229736328,184.0,111.0,177.0,142.0,48.0
36,37,DasGupta_2006_SSSoAJ,30.5,-96.4,,,597.0,1708.0,20.012500762939453,12.558333396911621,39.12253189086914,716.8622436523438,35.5,3.4000000953674316,32.099998474121094,23.58333396911621,28.399999618530273,28.399999618530273,10.783332824707031,1020.0,125.0,52.0,26.184511184692383,312.0,206.0,206.0,225.0,65.0
37,38,Dorel_2000_SUaM,16.1,-61.6,3500.0,,802.0,1963.0,25.483333587646484,7.183333396911621,68.4126968383789,119.83573913574219,30.399999618530273,19.899999618530273,10.5,26.566665649414062,24.383333206176758,26.75,23.91666603088379,1576.0,194.0,62.0,34.47177505493164,559.0,219.0,461.0,229.0,186.0
38,39,Dunn_1991_SSSoAJ,38.2,-84.5,,,900.0,1271.0,12.354166984558105,12.02500057220459,33.49582290649414,898.7123413085938,30.200000762939453,-5.699999809265137,35.900001525878906,21.100000381469727,13.416666984558105,23.16666603088379,0.9166666865348816,1145.0,119.0,70.0,16.796476364135742,341.0,240.0,318.0,254.0,267.0
39,40,Etana_2013_G,55.8,13.2,,,876.0,748.0,8.016666412353516,6.583333492279053,28.254648208618164,642.729736328125,21.200000762939453,-2.0999999046325684,23.30000114440918,8.716666221618652,2.883333444595337,16.116666793823242,0.5166667103767395,656.0,68.0,35.0,21.246173858642578,201.0,120.0,174.0,154.0,32.0
40,41,Etana_Krusenberg_unpublished,59.7,17.6,545.0,,740.0,747.0,5.879166603088379,7.558333396911621,27.09079933166504,731.70556640625,21.100000381469727,-6.800000190734863,27.900001525878906,14.216667175292969,-0.10000003129243851,15.333333015441895,-2.566666603088379,554.0,72.0,25.0,30.72154998779297,193.0,91.0,189.0,105.0,46.0
41,42,Everts_1992_ToASAE,42.0,-93.6,,,716.0,1188.0,9.108333587646484,11.866666793823242,27.66122817993164,1134.037109375,29.799999237060547,-13.100000381469727,42.900001525878906,20.383333206176758,-5.700000286102295,22.399999618530273,-5.700000286102295,852.0,128.0,20.0,51.281280517578125,340.0,73.0,339.0,73.0,269.0
42,43,Foley_2006_AJoSR,-28.0,152.0,,,401.0,1783.0,17.65833282470703,13.616666793823242,51.38364791870117,477.3546142578125,30.0,3.5,26.5,23.066667556762695,11.283333778381348,23.066667556762695,11.283333778381348,716.0,105.0,27.0,44.84185028076172,284.0,94.0,284.0,94.0,513.0
43,44,Frey_2012_SSSoAJ,43.1,-81.0,,,1065.0,946.0,7.320833206176758,9.291666984558105,25.882080078125,984.325927734375,25.799999237060547,-10.100000381469727,35.900001525878906,9.25,-4.300000190734863,19.08333396911621,-5.050000190734863,1008.0,99.0,62.0,11.955669403076172,280.0,210.0,262.0,225.0,310.0
44,45,Fuentes_2004_SSSoAJ,46.5,-117.0,544.0,,460.0,1226.0,8.458333015441895,12.816666603088379,37.69607925415039,739.5663452148438,28.899999618530273,-5.099999904632568,34.0,0.016666671261191368,17.450000762939453,17.649999618530273,-0.3999999463558197,565.0,66.0,24.0,29.69721031188965,190.0,80.0,92.0,173.0,845.0
45,46,Ghafoor_2013_JoH,58.4,15.0,,,694.0,749.0,6.270833492279053,8.141666412353516,29.49879264831543,717.7029418945312,21.799999237060547,-5.800000190734863,27.599998474121094,14.34999942779541,0.7833332419395447,15.433333396911621,-2.1500000953674316,520.0,66.0,23.0,29.867706298828125,181.0,85.0,174.0,100.0,113.0
46,47,Ghiberto_2007_AaWM_Hughes,-33.8,-61.3,900.0,,629.0,1524.0,16.295833587646484,13.024999618530273,48.0627326965332,518.5971069335938,30.299999237060547,3.200000047683716,27.099998474121094,21.816665649414062,9.733333587646484,22.633333206176758,9.733333587646484,960.0,145.0,30.0,49.002464294433594,377.0,96.0,336.0,96.0,96.0
47,48,Ghiberto_2007_AaWM_Llam,-31.2,-60.8,900.0,,601.0,1644.0,18.66666603088379,12.516666412353516,48.14102554321289,484.5116271972656,32.0,6.0,26.0,23.96666717529297,12.716666221618652,24.66666603088379,12.716666221618652,989.0,149.0,29.0,50.849159240722656,387.0,94.0,348.0,94.0,48.0
48,49,Ghiberto_2007_AaWM_Marc,-30.6,-60.5,900.0,,592.0,1687.0,19.125,13.033333778381348,49.55640411376953,474.29132080078125,32.599998474121094,6.300000190734863,26.299999237060547,24.316665649414062,13.316666603088379,25.016666412353516,13.316666603088379,1000.0,151.0,29.0,48.74482345581055,381.0,100.0,353.0,100.0,56.0
49,50,Gomez_2001_SSSoAJ,37.8,-4.8,,,306.0,1774.0,17.612499237060547,13.758333206176758,42.463993072509766,658.6664428710938,36.099998474121094,3.700000047683716,32.39999771118164,10.883333206176758,25.91666603088379,26.233333587646484,10.083333015441895,543.0,89.0,3.0,63.46817398071289,246.0,25.0,31.0,214.0,147.0
50,51,Greenwood_1997_AJoEA,-30.6,151.5,828.0,,516.0,1522.0,13.100000381469727,13.016666412353516,49.4930305480957,502.5299377441406,26.299999237060547,-0.0,26.299999237060547,17.950000762939453,10.266666412353516,19.083332061767578,6.633333206176758,787.0,107.0,42.0,32.16363525390625,286.0,138.0,282.0,146.0,1068.0
51,52,Greenwood_1998_SUaM,-30.6,151.6,828.0,,520.0,1520.0,13.095833778381348,13.291666030883789,50.15723419189453,499.356201171875,26.399999618530273,-0.10000000149011612,26.5,17.933334350585938,6.683333396911621,19.049999237060547,6.683333396911621,792.0,115.0,43.0,35.084007263183594,295.0,137.0,293.0,137.0,1060.0
52,53,Greenwood_2006_AJoEA,-36.3,145.0,,,287.0,1621.0,15.050000190734863,12.766666412353516,47.81523132324219,506.92926025390625,29.799999237060547,3.0999999046325684,26.69999885559082,11.783332824707031,21.149999618530273,21.350000381469727,8.899999618530273,466.0,47.0,26.0,18.349428176879883,137.0,92.0,93.0,132.0,105.0
53,54,Heddadj_1999_EJoSS,48.0,-2.0,630.0,,844.0,951.0,11.362500190734863,7.324999809265137,36.99494934082031,468.4942932128906,22.799999237060547,3.0,19.799999237060547,6.800000190734863,17.21666717529297,17.233333587646484,5.950000286102295,804.0,94.0,47.0,23.039690017700195,262.0,144.0,159.0,236.0,99.0
54,55,Heppell_2000_JoH,51.8,-1.3,,,772.0,806.0,10.149999618530273,7.5333333015441895,36.928104400634766,479.5120544433594,22.0,1.600000023841858,20.399999618530273,5.550000190734863,6.483333587646484,16.33333396911621,4.699999809265137,623.0,61.0,40.0,13.251845359802246,178.0,135.0,149.0,160.0,60.0
55,56,Hu_2008_SA,38.8,110.4,437.0,,284.0,1472.0,7.6583333015441895,13.533333778381348,29.809104919433594,1164.1810302734375,28.799999237060547,-16.600000381469727,45.400001525878906,19.383333206176758,-7.566666603088379,21.233333587646484,-7.566666603088379,419.0,109.0,2.0,105.92333984375,274.0,8.0,258.0,8.0,1187.0
56,57,Hu_2009_G,38.6,110.3,437.0,,285.0,1482.0,8.012499809265137,13.641666412353516,29.981685638427734,1161.920654296875,29.100000381469727,-16.399999618530273,45.5,19.733333587646484,-7.183333396911621,21.566667556762695,-7.183333396911621,423.0,109.0,2.0,103.61366271972656,273.0,9.0,256.0,9.0,1141.0
57,58,Husain_2002_AiG,1.5,124.9,,,1947.0,1634.0,26.358333587646484,8.850000381469727,89.3939437866211,35.21579360961914,31.5,21.600000381469727,9.899999618530273,25.866666793823242,26.66666603088379,26.700000762939453,25.866666793823242,3183.0,393.0,147.0,30.304964065551758,1121.0,506.0,542.0,1121.0,81.0
58,59,Imhoff_2010_G_Galvez,-33.0,-60.6,1000.0,,620.0,1546.0,17.545833587646484,11.291666984558105,45.16666793823242,498.0299987792969,30.799999237060547,5.800000190734863,25.0,23.083332061767578,11.350000381469727,23.71666717529297,11.350000381469727,959.0,135.0,32.0,42.10917282104492,349.0,104.0,315.0,104.0,6.0
59,60,Imhoff_2010_G_Videla,-31.0,-60.6,1000.0,,601.0,1659.0,18.84583282470703,12.791666984558105,49.19871520996094,478.0379333496094,32.20000076293945,6.199999809265137,26.0,24.08333396911621,12.983333587646484,24.75,12.983333587646484,998.0,153.0,30.0,50.28228759765625,389.0,99.0,352.0,99.0,46.0
60,61,Jacques_2002_WRR,50.95,4.97,,,876.0,878.0,10.533333778381348,7.2833333015441895,31.804950714111328,582.0275268554688,23.399999618530273,0.5,22.899999618530273,17.78333282470703,6.383333206176758,17.78333282470703,3.5833332538604736,770.0,73.0,49.0,12.735536575317383,214.0,162.0,214.0,185.0,38.0
61,62,Jarvis_2008_G,59.9,17.6,545.0,,777.0,720.0,5.679166793823242,8.008333206176758,27.90359878540039,756.8248901367188,21.700000762939453,-7.0,28.700000762939453,14.233333587646484,-0.21666672825813293,15.416666984558105,-3.133333206176758,560.0,70.0,26.0,29.673311233520508,194.0,93.0,189.0,109.0,24.0
62,63,Jarvis_2008_Harps,42.0,-93.6,,,716.0,1188.0,9.108333587646484,11.866666793823242,27.66122817993164,1134.037109375,29.799999237060547,-13.100000381469727,42.900001525878906,20.383333206176758,-5.700000286102295,22.399999618530273,-5.700000286102295,852.0,128.0,20.0,51.281280517578125,340.0,73.0,339.0,73.0,269.0
63,64,Jarvis_2008_Kokotau,-40.6,175.4,,,1620.0,1061.0,11.295833587646484,8.975000381469727,48.77717208862305,337.5274963378906,21.0,2.5999999046325684,18.399999618530273,7.7166666984558105,14.25,15.466666221618652,7.150000095367432,1720.0,214.0,93.0,20.249948501586914,516.0,337.0,355.0,447.0,327.0
64,65,Jarvis_2008_Lanna,58.4,13.4,560.0,,828.0,728.0,6.233333587646484,7.75,29.02621841430664,697.4705200195312,21.100000381469727,-5.599999904632568,26.700000762939453,13.949999809265137,0.8833334445953369,15.116666793823242,-1.9833333492279053,604.0,71.0,29.0,25.417593002319336,194.0,102.0,184.0,121.0,110.0
65,66,Jarvis_2008_Manawat,-39.8,175.3,,,952.0,1129.0,12.370833396911621,8.791666984558105,47.01426315307617,350.95623779296875,22.299999237060547,3.5999999046325684,18.69999885559082,8.666666030883789,15.316666603088379,16.649999618530273,8.050000190734863,1076.0,115.0,67.0,15.529255867004395,312.0,216.0,229.0,303.0,237.0
66,67,Jarvis_2008_Murum,-35.0,149.0,,,503.0,1509.0,13.329166412353516,13.458333015441895,47.724586486816406,544.0523681640625,28.399999618530273,0.20000000298023224,28.19999885559082,9.816666603088379,17.5,20.066667556762695,6.633333206176758,760.0,75.0,49.0,13.71745491027832,219.0,163.0,172.0,196.0,606.0
67,68,Jarvis_2008_Naesbygard,55.4,13.5,662.0,,872.0,733.0,7.870833396911621,6.541666507720947,28.075822830200195,633.6204223632812,21.0,-2.299999952316284,23.299999237060547,8.683333396911621,2.6500000953674316,15.916666030883789,0.5833333134651184,640.0,68.0,37.0,21.611373901367188,199.0,118.0,166.0,155.0,6.0
68,69,Jarvis_2008_Twyford,-39.6,176.8,,,658.0,1289.0,13.850000381469727,11.016666412353516,52.21168899536133,379.5571594238281,24.399999618530273,3.299999952316284,21.100000381469727,9.033333778381348,13.716666221618652,18.383333206176758,9.033333778381348,849.0,104.0,45.0,24.5903377532959,252.0,174.0,216.0,252.0,17.0
69,70,Jarvis_2008_VZJ_Mellby,56.5,13.0,770.0,,1099.0,726.0,7.625,7.433333396911621,30.5898494720459,651.0044555664062,21.100000381469727,-3.200000047683716,24.30000114440918,14.983333587646484,2.5166666507720947,15.816666603088379,-0.033333320170640945,799.0,91.0,44.0,23.03063201904297,251.0,147.0,242.0,178.0,15.0
70,71,Jarvis_2008_VZJ_Ultuna,59.9,17.6,545.0,,777.0,720.0,5.679166793823242,8.008333206176758,27.90359878540039,756.8248901367188,21.700000762939453,-7.0,28.700000762939453,14.233333587646484,-0.21666672825813293,15.416666984558105,-3.133333206176758,560.0,70.0,26.0,29.673311233520508,194.0,93.0,189.0,109.0,24.0
71,72,Jarvis_Skogsvallen,60.1,17.2,566.0,,823.0,730.0,5.704166889190674,8.658333778381348,29.350282669067383,757.7552490234375,22.200000762939453,-7.300000190734863,29.5,14.300000190734863,-2.549999952316284,15.450000762939453,-3.2333333492279053,601.0,73.0,29.0,28.015411376953125,206.0,105.0,201.0,117.0,25.0
72,73,Joel_2001_ALRaM_Loca,-31.4,-71.4,185.0,,125.0,1501.0,13.941666603088379,11.149999618530273,57.17948532104492,327.5378723144531,24.5,5.0,19.5,9.966667175292969,17.75,18.0,9.966667175292969,188.0,61.0,0.0,121.44583892822266,138.0,0.0,0.0,138.0,574.0
73,74,Joel_2001_ALRaM_Silva,-33.5,-70.8,345.0,,238.0,1568.0,15.266666412353516,13.000000953674316,50.78125,469.32415771484375,29.200000762939453,3.5999999046325684,25.600000381469727,10.033333778381348,21.03333282470703,21.03333282470703,9.449999809265137,374.0,94.0,1.0,106.12118530273438,243.0,7.0,7.0,235.0,456.0
74,75,Kashkuli_2011_WAP,31.3,48.7,,,89.0,2780.0,25.45833396911621,14.550000190734863,37.5,939.1215209960938,45.900001525878906,7.099999904632568,38.80000305175781,13.550000190734863,36.53333282470703,36.53333282470703,13.550000190734863,250.0,62.0,0.0,106.32257843017578,153.0,0.0,0.0,153.0,16.0
75,76,Kumar_2012_AS,39.0,-92.8,967.0,,721.0,1390.0,12.483333587646484,12.083333015441895,30.590715408325195,1001.6993408203125,31.700000762939453,-7.800000190734863,39.5,17.983333587646484,-0.5166667103767395,24.383333206176758,-0.5166667103767395,1003.0,127.0,35.0,34.367000579833984,339.0,130.0,299.0,130.0,183.0
76,77,Lamparter_2006_JoPNaSS,52.6,10.1,840.0,,805.0,840.0,9.337499618530273,8.391666412353516,33.300262451171875,645.7100830078125,23.5,-1.7000000476837158,25.200000762939453,17.41666603088379,4.900000095367432,17.41666603088379,1.5999999046325684,677.0,72.0,44.0,13.500164031982422,194.0,148.0,194.0,167.0,39.0
77,78,Lampurlanes_2006_SaTR,41.6,1.0,440.0,,355.0,1385.0,14.050000190734863,11.483333587646484,38.66442108154297,660.0068969726562,30.5,0.800000011920929,29.700000762939453,14.983333587646484,7.5333333015441895,22.450000762939453,6.383333683013916,492.0,57.0,18.0,30.09981346130371,161.0,92.0,113.0,94.0,326.0
78,79,Lehrsch_2001_PPFW,42.5,-114.3,,,166.0,1577.0,8.595833778381348,14.091666221618652,38.7133674621582,825.3551635742188,29.100000381469727,-7.300000190734863,36.400001525878906,-0.7333333492279053,18.25,18.96666717529297,-1.5333333015441895,262.0,32.0,8.0,35.12761688232422,86.0,33.0,38.0,78.0,1252.0
79,80,Lin_1995_SS_Burl,30.7,-96.2,,,611.0,1687.0,19.612499237060547,12.158332824707031,38.59788131713867,709.1259765625,35.0,3.5,31.5,23.066665649414062,28.016666412353516,28.016666412353516,10.583333015441895,1032.0,124.0,57.0,23.63764762878418,306.0,211.0,211.0,231.0,86.0
80,81,Lin_1995_SS_Ships,30.6,-96.3,,,603.0,1698.0,20.02916717529297,12.324999809265137,38.880123138427734,716.2194213867188,35.400001525878906,3.700000047683716,31.700000762939453,23.600000381469727,28.46666717529297,28.46666717529297,10.850000381469727,1025.0,125.0,55.0,25.378829956054688,309.0,206.0,206.0,229.0,85.0
81,82,Lin_1996_ToASAE,30.6,-96.3,,,603.0,1698.0,20.02916717529297,12.324999809265137,38.880123138427734,716.2194213867188,35.400001525878906,3.700000047683716,31.700000762939453,23.600000381469727,28.46666717529297,28.46666717529297,10.850000381469727,1025.0,125.0,55.0,25.378829956054688,309.0,206.0,206.0,229.0,85.0
82,83,Logsdon_1992_SaTR,44.2,-95.3,,,582.0,1125.0,7.0291666984558105,11.858333587646484,26.410541534423828,1211.1573486328125,28.600000381469727,-16.299999237060547,44.900001525878906,19.233333587646484,-8.699999809265137,21.183334350585938,-8.699999809265137,656.0,95.0,15.0,53.6867790222168,266.0,49.0,259.0,49.0,348.0
83,84,Logsdon_1999_BC,42.0,-94.0,,,699.0,1202.0,8.891666412353516,12.283332824707031,28.699377059936523,1129.1627197265625,29.399999618530273,-13.399999618530273,42.79999923706055,20.133333206176758,-5.900000095367432,22.03333282470703,-5.900000095367432,842.0,127.0,21.0,50.853851318359375,334.0,74.0,326.0,74.0,330.0
84,85,Mandal_2005_JoISSS,17.3,78.6,746.0,,328.0,2181.0,26.787500381469727,12.324999809265137,48.144527435302734,349.5979919433594,39.900001525878906,14.300000190734863,25.60000228881836,26.483333587646484,23.25,31.416667938232422,22.516666412353516,717.0,163.0,3.0,103.76930236816406,457.0,13.0,142.0,26.0,518.0
85,86,Mecke_2000_SSSoAJ,61.8,24.3,,,1047.0,633.0,3.254166603088379,8.324999809265137,25.3810977935791,861.4006958007812,21.0,-11.800000190734863,32.79999923706055,12.433333396911621,-3.2833335399627686,14.283332824707031,-7.0333333015441895,663.0,88.0,31.0,32.50886154174805,236.0,106.0,231.0,128.0,159.0
86,87,Miller_1998_CJoSS,49.7,-112.8,,,292.0,1307.0,6.008333206176758,13.233333587646484,33.1662483215332,963.3955688476562,26.200000762939453,-13.699999809265137,39.900001525878906,15.483333587646484,-5.983333110809326,17.733333587646484,-5.983333110809326,383.0,75.0,12.0,57.560794830322266,170.0,45.0,160.0,45.0,917.0
87,88,Miller_2002_JoEQ,49.7,-112.8,,,292.0,1307.0,6.008333206176758,13.233333587646484,33.1662483215332,963.3955688476562,26.200000762939453,-13.699999809265137,39.900001525878906,15.483333587646484,-5.983333110809326,17.733333587646484,-5.983333110809326,383.0,75.0,12.0,57.560794830322266,170.0,45.0,160.0,45.0,917.0
88,89,Miller_2008_JoEQ,50.0,-113.0,378.0,,328.0,1216.0,4.625,13.0,32.74559020996094,967.8549194335938,24.200000762939453,-15.5,39.70000076293945,14.033332824707031,-7.599999904632568,16.100000381469727,-7.599999904632568,400.0,85.0,14.0,62.31219482421875,184.0,44.0,170.0,44.0,1015.0
89,90,Mohanty_1994_WRR,42.1,-93.9,,,730.0,1166.0,8.675000190734863,11.983333587646484,27.998443603515625,1127.3994140625,29.299999237060547,-13.5,42.79999923706055,19.799999237060547,-6.083333492279053,21.850000381469727,-6.083333492279053,852.0,128.0,21.0,50.297237396240234,337.0,76.0,331.0,76.0,339.0
90,91,Moosavi_2012_AAaSS,29.6,52.5,,,87.0,2280.0,18.22916603088379,15.108333587646484,39.75876998901367,850.5545043945312,38.20000076293945,0.20000000298023224,38.0,8.266666412353516,28.633333206176758,28.633333206176758,8.116666793823242,200.0,46.0,0.0,100.80423736572266,120.0,2.0,2.0,119.0,1543.0
91,92,Moreno_1995_AaWM,36.9,-6.2,550.0,,321.0,1686.0,18.02083396911621,10.258333206176758,41.19812774658203,519.04833984375,31.799999237060547,6.900000095367432,24.899999618530273,12.866666793823242,24.41666603088379,24.766666412353516,12.0,542.0,97.0,1.0,69.72412872314453,263.0,21.0,24.0,236.0,1.0
92,93,Moreno_1997_SaTR,37.4,-6.0,500.0,,304.0,1757.0,18.649999618530273,11.516666412353516,40.83924102783203,589.5877075195312,34.400001525878906,6.199999809265137,28.200000762939453,12.59999942779541,26.08333396911621,26.21666717529297,11.783332824707031,535.0,94.0,2.0,67.4579849243164,253.0,22.0,27.0,224.0,15.0
93,94,Moret_2005_AiG,41.7,-0.8,,,214.0,1704.0,15.166666984558105,11.216666221618652,38.67816162109375,652.0469360351562,31.399999618530273,2.4000000953674316,29.0,17.383333206176758,8.850000381469727,23.433334350585938,7.5333333015441895,365.0,49.0,18.0,27.79732322692871,123.0,70.0,77.0,74.0,223.0
94,95,Moret_2007_SSSoAJ,41.73333,-0.06667,390.0,,257.0,1592.0,15.233333587646484,11.25,37.62541961669922,678.4954223632812,32.0,2.0999999046325684,29.899999618530273,16.0,8.566666603088379,23.78333282470703,7.183333396911621,410.0,51.0,14.0,30.742321014404297,129.0,78.0,78.0,85.0,261.0
95,96,Moret_2007_SaTR,41.73333,-0.06667,390.0,,257.0,1592.0,15.233333587646484,11.25,37.62541961669922,678.4954223632812,32.0,2.0999999046325684,29.899999618530273,16.0,8.566666603088379,23.78333282470703,7.183333396911621,410.0,51.0,14.0,30.742321014404297,129.0,78.0,78.0,85.0,261.0
96,97,Nyamadzawo_2008_AS,-19.5,31.2,750.0,,397.0,1874.0,18.195833206176758,12.591666221618652,56.975868225097656,310.8526306152344,28.0,5.900000095367432,22.100000381469727,20.816665649414062,13.84999942779541,20.950000762939453,13.84999942779541,745.0,170.0,2.0,103.43872833251953,473.0,12.0,302.0,12.0,1296.0
97,98,Nyman_2010_HP,-36.8,147.2,1805.0,,1030.0,1236.0,9.416666984558105,9.149999618530273,40.30836868286133,489.5189514160156,22.100000381469727,-0.6000000238418579,22.700000762939453,3.9166667461395264,15.483333587646484,15.483333587646484,3.4833333492279053,1274.0,148.0,58.0,27.25690269470215,418.0,215.0,215.0,414.0,1106.0
98,99,Okom_2000_AJoSR_Site1,-36.4,145.4,,,334.0,1662.0,15.25,12.283332824707031,46.35219955444336,515.5094604492188,29.899999618530273,3.4000000953674316,26.5,9.866666793823242,19.200000762939453,21.649999618530273,8.966667175292969,557.0,59.0,30.0,19.191635131835938,170.0,107.0,115.0,163.0,115.0
99,100,Okom_2000_AJoSR_Site2,-37.9167,145.094,,,523.0,1521.0,14.933333396911621,9.583333969116211,46.296295166015625,382.517578125,26.600000381469727,5.900000095367432,20.700000762939453,12.350000381469727,19.649999618530273,19.649999618530273,10.216667175292969,796.0,81.0,47.0,14.094099044799805,226.0,162.0,162.0,199.0,68.0
100,101,Palomo_2002_AWM,37.3,-6.1,484.0,,309.0,1734.0,18.137500762939453,11.958333969116211,41.812355041503906,581.428955078125,34.29999923706055,5.699999809265137,28.599998474121094,12.266666412353516,25.483333587646484,25.633333206176758,11.40000057220459,537.0,94.0,2.0,66.59333038330078,252.0,23.0,27.0,225.0,36.0
101,102,Rachman_2004_SSSoAJ,41.2,-95.6,,,638.0,1292.0,10.041666984558105,12.266666412353516,29.487178802490234,1094.1514892578125,30.100000381469727,-11.5,41.599998474121094,20.950000762939453,-4.150000095367432,22.96666717529297,-4.150000095367432,825.0,115.0,18.0,52.61020278930664,328.0,66.0,316.0,66.0,343.0
102,103,Radford_2000_SaTR,-24.4,150.5,685.0,,316.0,2035.0,21.40833282470703,14.850000381469727,55.41044616699219,453.4154968261719,33.20000076293945,6.400000095367432,26.80000114440918,26.33333396911621,15.199999809265137,26.33333396911621,15.199999809265137,645.0,98.0,22.0,51.983375549316406,273.0,74.0,273.0,74.0,176.0
103,104,Ramos_2006_VZJ,38.0,-8.0,,,332.0,1697.0,16.545833587646484,11.725000381469727,44.75190734863281,512.5003662109375,32.0,5.800000190734863,26.200000762939453,11.633333206176758,22.883333206176758,23.266666412353516,10.699999809265137,564.0,99.0,3.0,63.040592193603516,251.0,25.0,31.0,239.0,165.0
104,105,Raoof_2009_JoFAaE,34.8,48.5,,,196.0,1722.0,10.612500190734863,14.691666603088379,36.91373825073242,916.4509887695312,32.599998474121094,-7.199999809265137,39.79999923706055,9.050000190734863,21.450000762939453,22.0,-0.8166666626930237,338.0,57.0,1.0,74.9714584350586,150.0,3.0,11.0,135.0,1822.0
105,106,Reynolds_1995_SaTR_Han,44.0,-89.5,,,788.0,1028.0,6.945833206176758,11.941666603088379,27.771318435668945,1119.838623046875,27.899999618530273,-15.100000381469727,43.0,18.899999618530273,-7.583333492279053,20.16666603088379,-7.583333492279053,811.0,103.0,24.0,43.98236846923828,302.0,81.0,298.0,81.0,299.0
106,107,Reynolds_1995_SaTR_Ros,45.0,-93.0,,,714.0,1068.0,7.170833587646484,11.375,25.334075927734375,1205.914306640625,28.700000762939453,-16.200000762939453,44.900001525878906,21.266666412353516,-8.583333015441895,21.266666412353516,-8.583333015441895,764.0,111.0,20.0,50.68397521972656,315.0,69.0,315.0,69.0,308.0
107,108,Reynolds_1995_SaTR_Win,45.0,-75.0,,,1040.0,951.0,6.3125,10.324999809265137,25.121654510498047,1099.5042724609375,26.5,-14.600000381469727,41.099998474121094,18.383333206176758,-6.849999904632568,19.299999237060547,-7.816666603088379,990.0,96.0,62.0,13.877378463745117,284.0,197.0,278.0,213.0,82.0
108,109,Sanou_2010_SUaM,11.5,-1.0,900.0,,357.0,2380.0,27.945833206176758,12.558333396911621,62.47927474975586,211.18128967285156,38.29999923706055,18.200000762939453,20.099998474121094,25.983333587646484,26.933334350585938,31.066665649414062,25.983333587646484,852.0,234.0,1.0,111.2373046875,562.0,5.0,129.0,562.0,289.0
109,110,Sarmah_1996_SaTR,-27.2,151.3,,,315.0,1966.0,19.174999237060547,14.133333206176758,51.58150863647461,500.7199401855469,31.700000762939453,4.300000190734863,27.400001525878906,24.03333282470703,12.416666984558105,24.75,12.416666984558105,621.0,92.0,22.0,45.52724075317383,253.0,85.0,249.0,85.0,343.0
110,111,Sauer_2002_SSSoAJ,36.1,-94.3,1119.0,,784.0,1499.0,14.258333206176758,12.5,34.62603759765625,857.25732421875,31.899999618530273,-4.199999809265137,36.099998474121094,18.616666793823242,3.3333334922790527,24.600000381469727,3.3333334922790527,1176.0,133.0,55.0,25.316722869873047,365.0,200.0,282.0,200.0,369.0
111,112,Schneider_2009_JoEQ,48.9,2.0,,,721.0,909.0,10.379166603088379,7.625,33.73893737792969,552.4633178710938,23.399999618530273,0.800000011920929,22.600000381469727,7.316666603088379,6.516666412353516,17.316667556762695,3.8333332538604736,656.0,62.0,44.0,9.608017921447754,179.0,152.0,155.0,167.0,164.0
112,113,Schwartz_2002_SSSoAJ,35.0,-102.0,,,216.0,2170.0,13.725000381469727,16.299999237060547,41.581634521484375,861.7305908203125,33.29999923706055,-5.900000095367432,39.20000076293945,24.399999618530273,3.116666555404663,24.399999618530273,3.116666555404663,470.0,86.0,10.0,66.20069122314453,222.0,36.0,222.0,36.0,1122.0
113,114,Schwartz_2003_G,35.0,-102.0,500.0,,216.0,2170.0,13.725000381469727,16.299999237060547,41.581634521484375,861.7305908203125,33.29999923706055,-5.900000095367432,39.20000076293945,24.399999618530273,3.116666555404663,24.399999618530273,3.116666555404663,470.0,86.0,10.0,66.20069122314453,222.0,36.0,222.0,36.0,1122.0
114,115,Schwarzel_2007_SSSoAJ,52.5,13.4,,,609.0,940.0,9.766666412353516,7.449999809265137,28.988327026367188,697.3271484375,24.0,-1.7000000476837158,25.700000762939453,18.516666412353516,5.099999904632568,18.516666412353516,1.399999976158142,573.0,66.0,35.0,19.005203247070312,177.0,117.0,177.0,134.0,38.0
115,116,Schwarzel_2011_VZJ,-43.6,172.5,667.0,,581.0,1205.0,11.816666603088379,10.5,49.52830123901367,394.3079833984375,22.700000762939453,1.5,21.200000762939453,12.333333015441895,16.5,16.5,6.7833333015441895,701.0,79.0,45.0,18.6098575592041,196.0,150.0,150.0,183.0,21.0
116,117,Schwen_2011_SSSoAJ,-43.65,172.5,,,532.0,1197.0,11.824999809265137,10.383333206176758,49.68102264404297,387.037109375,22.399999618530273,1.5,20.899999618530273,6.866666793823242,14.800000190734863,16.399999618530273,6.866666793823242,637.0,68.0,41.0,17.743000030517578,195.0,142.0,147.0,195.0,6.0
117,118,Schwen_2011_SaTR,48.2,16.6,546.0,,569.0,1025.0,10.133333206176758,9.199999809265137,31.18644142150879,773.49951171875,26.100000381469727,-3.4000000953674316,29.5,19.549999237060547,2.0833332538604736,19.549999237060547,0.5333333015441895,584.0,71.0,32.0,28.244518280029297,202.0,102.0,202.0,102.0,150.0
118,119,Shouse_1998_WRR,42.0,-94.0,,,699.0,1202.0,8.891666412353516,12.283332824707031,28.699377059936523,1129.1627197265625,29.399999618530273,-13.399999618530273,42.79999923706055,20.133333206176758,-5.900000095367432,22.03333282470703,-5.900000095367432,842.0,127.0,21.0,50.853851318359375,334.0,74.0,326.0,74.0,330.0
119,120,Simunek_1998_G,13.5,2.5,550.0,,154.0,2957.0,29.129167556762695,13.591667175292969,55.93278503417969,301.9140319824219,40.70000076293945,16.399999618530273,24.30000114440918,28.516666412353516,25.683334350585938,32.93333435058594,25.366666793823242,458.0,150.0,0.0,138.45068359375,355.0,0.0,95.0,0.0,262.0
120,121,Smettem_1991_JoH,-34.9,138.6,,,288.0,1866.0,16.649999618530273,10.399999618530273,47.706424713134766,409.9889221191406,28.799999237060547,7.0,21.799999237060547,11.633333206176758,21.549999237060547,21.733333587646484,11.633333206176758,538.0,74.0,18.0,43.465782165527344,208.0,66.0,68.0,208.0,47.0
121,122,Somaratne_1993_SaTR,-34.3,139.0,492.0,,239.0,1869.0,15.366666793823242,12.483333587646484,49.34123992919922,477.16650390625,30.0,4.699999809265137,25.299999237060547,10.25,21.100000381469727,21.299999237060547,9.633333206176758,447.0,55.0,18.0,36.39915466308594,162.0,63.0,63.0,155.0,291.0
122,123,Spongrova_2009_VZJ,51.9,-0.4,,,843.0,847.0,9.645833015441895,7.558333396911621,36.164276123046875,489.6866149902344,21.799999237060547,0.8999999761581421,20.899999618530273,7.150000095367432,5.799999713897705,16.0,4.133333206176758,715.0,70.0,46.0,14.224576950073242,208.0,159.0,164.0,188.0,161.0
123,124,Tamoh_2004_CRG,35.0,-6.0,,,422.0,1697.0,18.191667556762695,9.916666984558105,41.49232864379883,488.84295654296875,30.600000381469727,6.699999809265137,23.900001525878906,12.166666984558105,24.0,24.350000381469727,12.166666984558105,718.0,135.0,1.0,82.97065734863281,378.0,11.0,14.0,378.0,83.0
124,125,Timlin_1994_SSSoAJ,34.0,-96.4,,,649.0,1631.0,16.883333206176758,12.816667556762695,35.503231048583984,852.31591796875,34.400001525878906,-1.7000000476837158,36.10000228881836,21.100000381469727,6.066666603088379,27.150001525878906,6.066666603088379,1060.0,141.0,45.0,32.86664581298828,355.0,171.0,245.0,171.0,209.0
125,126,Trojan_1998_SSSoAJ,45.0,-93.0,,,714.0,1068.0,7.170833587646484,11.375,25.334075927734375,1205.914306640625,28.700000762939453,-16.200000762939453,44.900001525878906,21.266666412353516,-8.583333015441895,21.266666412353516,-8.583333015441895,764.0,111.0,20.0,50.68397521972656,315.0,69.0,315.0,69.0,308.0
126,127,Turpin_1999_AJoSR,-28.0,150.0,,,276.0,2069.0,19.683332443237305,14.283333778381348,48.41807556152344,565.148193359375,33.900001525878906,4.400000095367432,29.500001907348633,26.21666717529297,13.616666793823242,26.21666717529297,12.283332824707031,572.0,84.0,27.0,40.28782272338867,228.0,93.0,228.0,94.0,269.0
127,128,Vandervaere_1997_JoH,13.5,2.5,550.0,,154.0,2957.0,29.129167556762695,13.591667175292969,55.93278503417969,301.9140319824219,40.70000076293945,16.399999618530273,24.30000114440918,28.516666412353516,25.683334350585938,32.93333435058594,25.366666793823242,458.0,150.0,0.0,138.45068359375,355.0,0.0,95.0,0.0,262.0
128,129,Ventrella_2005_G,40.5,16.6,,,471.0,1349.0,14.820833206176758,8.508333206176758,33.49737548828125,632.74462890625,29.299999237060547,3.9000000953674316,25.399999618530273,11.916666984558105,22.950000762939453,22.950000762939453,7.766666889190674,636.0,80.0,21.0,38.02552795410156,238.0,81.0,81.0,204.0,284.0
129,130,Verbist_2009_SSSoAJ,-30.3,-71.3,138.0,,82.0,1377.0,13.408332824707031,9.033332824707031,55.76131820678711,266.8659362792969,22.0,5.800000190734863,16.200000762939453,10.333333015441895,16.683334350585938,16.816665649414062,10.333333015441895,113.0,34.0,0.0,116.75017547607422,84.0,0.0,0.0,84.0,675.0
130,131,Watson_1986_SSSoAJ,36.0,-84.3,,,938.0,1292.0,13.920833587646484,13.191666603088379,38.45967102050781,816.3038940429688,31.0,-3.299999952316284,34.29999923706055,21.83333396911621,19.71666717529297,23.78333282470703,3.5833334922790527,1213.0,125.0,75.0,13.698108673095703,334.0,258.0,317.0,301.0,282.0
131,132,Whitebread_2000_SaTR,-29.54,150.6,642.0,,374.0,1921.0,17.858333587646484,13.683333396911621,48.35099792480469,551.0108032226562,31.700000762939453,3.4000000953674316,28.30000114440918,24.33333396911621,10.699999809265137,24.33333396911621,10.699999809265137,720.0,99.0,33.0,34.17336654663086,267.0,123.0,267.0,123.0,340.0
132,133,Wienhold_1998_SS_Menok,46.8,-100.5,,,340.0,1217.0,5.558333396911621,13.449999809265137,28.02083396911621,1252.61328125,29.299999237060547,-18.700000762939453,48.0,17.850000381469727,-10.566666603088379,20.41666603088379,-10.566666603088379,414.0,71.0,9.0,63.77880096435547,192.0,29.0,186.0,29.0,525.0
133,134,Wienhold_1998_SS_Naughton,46.9,-100.7,,,351.0,1222.0,5.333333492279053,13.316666603088379,27.8591365814209,1243.9039306640625,29.0,-18.799999237060547,47.79999923706055,17.616666793823242,-10.649999618530273,20.100000381469727,-10.649999618530273,430.0,74.0,11.0,61.4954948425293,197.0,33.0,192.0,33.0,590.0
134,135,Wu_1992_SaTR_Nic,44.1,-93.5,,,709.0,1081.0,6.8416666984558105,11.383333206176758,25.523168563842773,1204.0704345703125,28.0,-16.600000381469727,44.599998474121094,20.83333396911621,-8.916666984558105,20.83333396911621,-8.916666984558105,767.0,107.0,18.0,51.261043548583984,310.0,65.0,310.0,65.0,341.0
135,136,Wu_1992_SaTR_Roz,42.9,-90.7,,,785.0,1086.0,7.854166507720947,11.408332824707031,26.970054626464844,1125.5855712890625,28.399999618530273,-13.899999618530273,42.29999923706055,21.049999237060547,-6.8333330154418945,21.049999237060547,-6.8333330154418945,853.0,112.0,23.0,44.622859954833984,325.0,84.0,325.0,84.0,299.0
136,137,Wu_1992_SaTR_Sea,44.6,-92.6,,,724.0,1059.0,7.3125,11.608333587646484,26.26319694519043,1172.7108154296875,28.5,-15.699999809265137,44.20000076293945,21.0,-8.066666603088379,21.0,-8.066666603088379,767.0,106.0,19.0,49.57524871826172,300.0,69.0,300.0,69.0,202.0
137,138,Yoon_2007_SaTR,37.5,127.25,,,1289.0,1036.0,9.770833015441895,9.625,26.013513565063477,1017.623046875,27.0,-10.0,37.0,21.30000114440918,-3.316666603088379,21.850000381469727,-3.316666603088379,1336.0,355.0,20.0,97.62467956542969,800.0,70.0,792.0,70.0,406.0
138,139,Zeinalzadeh_2011_JoFAaE,37.7,45.0,327.0,,228.0,1548.0,10.649999618530273,12.366666793823242,33.51400375366211,901.3878173828125,29.799999237060547,-7.099999904632568,36.89999771118164,9.75,21.133333206176758,21.399999618530273,-0.8499999642372131,354.0,65.0,3.0,66.14505004882812,165.0,13.0,23.0,102.0,1360.0
139,140,Zhou_2008_C_Gle,40.0,-76.0,,,922.0,1242.0,11.024999618530273,10.583333015441895,30.324737548828125,910.9971923828125,28.799999237060547,-6.099999904632568,34.89999771118164,19.816667556762695,0.5499999523162842,22.049999237060547,-0.4000000059604645,1146.0,114.0,71.0,12.618371963500977,332.0,247.0,321.0,249.0,185.0
140,141,Zhou_2008_C_Hag,41.0,-78.0,,,986.0,1051.0,8.408333778381348,11.199999809265137,31.638418197631836,909.4400024414062,26.5,-8.899999618530273,35.400001525878906,17.25,-3.1500000953674316,19.266666412353516,-3.1500000953674316,1038.0,115.0,65.0,16.72920799255371,316.0,208.0,308.0,208.0,517.0
141,142,Zhou_2008_C_Joa,40.0,-76.0,,,922.0,1242.0,11.024999618530273,10.583333015441895,30.324737548828125,910.9971923828125,28.799999237060547,-6.099999904632568,34.89999771118164,19.816667556762695,0.5499999523162842,22.049999237060547,-0.4000000059604645,1146.0,114.0,71.0,12.618371963500977,332.0,247.0,321.0,249.0,185.0
142,143,Zohrabi_2012_AiEB,,,,,,,,,,,,,,,,,,,,,,,,,,
143,144,deLima_2002_AiG,-31.9,-52.4,,,987.0,1371.0,19.112499237060547,7.741666793823242,41.84684753417969,400.2903747558594,28.5,10.0,18.5,16.433332443237305,20.833332061767578,23.883333206176758,14.183333396911621,1355.0,137.0,73.0,18.201082229614258,389.0,269.0,361.0,379.0,1.0
144,145,Matula2015,50.1272,14.37349,,Czech University of Life Science Prague,560.0,879.0,9.083333015441895,8.066666603088379,30.099502563476562,711.9701538085938,23.799999237060547,-3.0,26.799999237060547,16.33333396911621,0.4166666567325592,17.850000381469727,0.4166666567325592,493.0,71.0,20.0,47.50809860229492,205.0,67.0,203.0,67.0,278.0
145,146,Greenwood2017,-43.6333,172.45,,exact location not known (on Christchurch Lincoln University paddock 2.4),530.0,1201.0,11.758333206176758,10.550000190734863,49.530513763427734,393.5262145996094,22.700000762939453,1.399999976158142,21.30000114440918,7.733333110809326,16.433334350585938,16.433334350585938,6.733333587646484,638.0,64.0,44.0,13.493886947631836,171.0,139.0,139.0,170.0,22.0
146,147,kuhwald2017,52.00869,9.938276,735.0,,913.0,817.0,8.770833015441895,7.691666603088379,32.04861068725586,612.704345703125,22.200000762939453,-1.7999999523162842,24.0,16.399999618530273,4.416666507720947,16.399999618530273,1.3666666746139526,747.0,77.0,47.0,13.818070411682129,217.0,159.0,217.0,181.0,179.0
147,148,Keskinen2019,60.81667,23.5,,100 m above sea level,906.0,678.0,4.254166603088379,8.208333015441895,25.975738525390625,831.36376953125,21.399999618530273,-10.199999809265137,31.599998474121094,13.25,-2.200000047683716,14.899999618530273,-5.566666603088379,615.0,82.0,30.0,33.84638977050781,222.0,96.0,216.0,119.0,113.0
148,149,iovino2016,37.65,14.06667,,,344.0,1511.0,14.425000190734863,8.366666793823242,33.87314224243164,608.2369995117188,28.700000762939453,4.0,24.700000762939453,12.233333587646484,22.08333396911621,22.233333587646484,7.8333330154418945,520.0,80.0,5.0,59.089237213134766,223.0,27.0,60.0,164.0,672.0
149,150,Hyvaluoma2019,63.55,23.91667,524.0,,901.0,621.0,2.4791665077209473,7.991666793823242,23.998998641967773,890.48876953125,20.5,-12.800000190734863,33.29999923706055,12.233333587646484,-4.166666507720947,13.883333206176758,-8.199999809265137,560.0,73.0,25.0,34.28972625732422,205.0,84.0,199.0,102.0,118.0
150,151,Bagarello2014,37.804301,13.202296,,"10 sites in sicily but not position reported, random position in western sicily",322.0,1556.0,16.47083282470703,8.141666412353516,34.208683013916016,580.4796752929688,30.200000762939453,6.400000095367432,23.80000114440918,14.516666412353516,23.683334350585938,24.0,10.149999618530273,502.0,72.0,3.0,59.69480895996094,211.0,21.0,52.0,163.0,354.0
151,152,Bottinelli2013,47.86667,-2.71667,890.0,from digitalized graph,1001.0,909.0,11.625,6.183333396911621,35.536399841308594,414.9068908691406,21.399999618530273,4.0,17.399999618530273,7.833333492279053,16.733333587646484,16.899999618530273,6.883333206176758,911.0,109.0,46.0,28.63705825805664,315.0,146.0,168.0,289.0,116.0
152,153,Bodner2013,48.23333,16.58333,525.0,from digitalized graph,564.0,1026.0,10.166666984558105,9.149999618530273,31.016948699951172,773.258544921875,26.200000762939453,-3.299999952316284,29.5,17.983333587646484,2.133333444595337,19.600000381469727,0.5666666030883789,580.0,72.0,31.0,28.826749801635742,202.0,101.0,202.0,101.0,151.0
153,154,batkova2020,50.08341,14.28334,473.0,from digitalized graph,584.0,851.0,8.141666412353516,8.716667175292969,31.58212661743164,719.3900146484375,23.299999237060547,-4.300000190734863,27.599998474121094,15.466667175292969,-0.6666666865348816,16.983333587646484,-0.6666666865348816,498.0,71.0,20.0,48.47598648071289,211.0,68.0,204.0,68.0,367.0
154,155,alagna2016,38.1,13.35,855.0,from digitalized graph,307.0,1536.0,18.28333282470703,7.0333333015441895,33.17610168457031,532.0941772460938,30.0,8.800000190734863,21.200000762939453,16.649999618530273,24.799999237060547,25.183334350585938,12.40000057220459,472.0,71.0,3.0,57.84050750732422,199.0,25.0,60.0,148.0,47.0
155,156,holden2014_B2,53.472,-1.716,,from digitalized graph,2002.0,704.0,7.383333206176758,6.25,34.340660095214844,446.3810729980469,17.899999618530273,-0.30000001192092896,18.19999885559082,3.3499999046325684,11.600000381469727,13.183333396911621,2.450000047683716,1410.0,156.0,87.0,21.298614501953125,456.0,271.0,291.0,421.0,493.0
156,157,holden2014_B4,53.472,-1.716,,from digitalized graph,2002.0,704.0,7.383333206176758,6.25,34.340660095214844,446.3810729980469,17.899999618530273,-0.30000001192092896,18.19999885559082,3.3499999046325684,11.600000381469727,13.183333396911621,2.450000047683716,1410.0,156.0,87.0,21.298614501953125,456.0,271.0,291.0,421.0,493.0
157,158,holden2014_B15+,53.472,-1.716,,from digitalized graph,2002.0,704.0,7.383333206176758,6.25,34.340660095214844,446.3810729980469,17.899999618530273,-0.30000001192092896,18.19999885559082,3.3499999046325684,11.600000381469727,13.183333396911621,2.450000047683716,1410.0,156.0,87.0,21.298614501953125,456.0,271.0,291.0,421.0,493.0
158,159,holden2014_W,54.599,-1.973,,from digitalized graph,1520.0,712.0,7.712500095367432,6.991666793823242,37.99818801879883,422.8696594238281,18.399999618530273,0.0,18.399999618530273,3.75,8.916666984558105,13.199999809265137,3.0166666507720947,1084.0,112.0,71.0,17.74283790588379,332.0,214.0,241.0,301.0,309.0
159,160,holden2014_U,54.69,-2.386,,from digitalized graph,2832.0,607.0,5.929166793823242,6.608333587646484,35.914852142333984,439.49072265625,16.700000762939453,-1.7000000476837158,18.400001525878906,1.7666666507720947,7.383333206176758,11.616666793823242,0.9833332896232605,1721.0,196.0,99.0,25.4837703704834,572.0,301.0,338.0,523.0,577.0
160,161,deboever2016,34.65,9.8,180.0,,113.0,1945.0,18.89583396911621,12.458333015441895,41.527774810791016,635.3004150390625,35.400001525878906,5.400000095367432,30.000001907348633,20.350000381469727,26.683334350585938,26.83333396911621,11.433333396911621,221.0,31.0,2.0,47.42970275878906,80.0,16.0,36.0,70.0,140.0
161,162,costa2015,-37.4476,-58.8863,900.0,digitized from graph. loc approx because avg of 4 sites,663.0,1326.0,13.699999809265137,12.533332824707031,48.20512771606445,496.0846862792969,28.5,2.5,26.0,19.549999237060547,7.75,19.933332443237305,7.75,880.0,101.0,41.0,26.04408836364746,288.0,143.0,265.0,143.0,163.0
162,163,fashi2019,36.41667,49.63333,330.0,,186.0,1610.0,11.745833396911621,13.774999618530273,36.83155059814453,878.3519287109375,32.29999923706055,-5.099999904632568,37.39999771118164,5.300000190734863,21.983333587646484,22.366666793823242,0.8166666626930237,301.0,55.0,3.0,69.134521484375,136.0,11.0,14.0,105.0,1723.0
163,164,hardie2013,-42.9503,147.0834,744.0,digitized from graph,733.0,1132.0,11.016666412353516,10.133333206176758,52.50431823730469,323.8990783691406,21.399999618530273,2.0999999046325684,19.299999237060547,7.683333396911621,14.899999618530273,14.90000057220459,6.900000095367432,831.0,90.0,50.0,18.471712112426758,252.0,167.0,185.0,233.0,144.0
164,165,kabir2020,32.95,50.38333,538.0,large site. only min coord taken. digitized from graph,129.0,1811.0,10.791666984558105,15.133333206176758,38.11922836303711,889.6240844726562,31.799999237060547,-7.900000095367432,39.70000076293945,0.5166666507720947,21.350000381469727,21.433332443237305,-0.5000001192092896,234.0,44.0,0.0,81.95597076416016,120.0,4.0,6.0,111.0,2231.0
165,166,hallam2020,53.86672,-1.31667,,from digitized graph,865.0,739.0,8.979166984558105,7.675000190734863,38.184078216552734,460.01214599609375,20.600000381469727,0.5,20.100000381469727,4.616666793823242,5.416666507720947,14.850000381469727,3.700000047683716,640.0,65.0,43.0,11.675506591796875,183.0,140.0,158.0,169.0,51.0
166,167,kelishadi2014,32.58333,50.46667,1440.0,,145.0,1836.0,11.237500190734863,15.625,37.92475891113281,911.6471557617188,33.0,-8.199999809265137,41.20000076293945,0.6666666865348816,21.850000381469727,22.233333587646484,-0.299999862909317,267.0,51.0,0.0,86.86051940917969,139.0,3.0,4.0,133.0,2262.0
167,168,lozano2014_site1,-35.2333,-59.1833,1000.0,from digitized graph,698.0,1528.0,16.700000762939453,12.716667175292969,48.536895751953125,494.53375244140625,31.200000762939453,5.0,26.200000762939453,19.866666793823242,10.699999809265137,22.866666793823242,10.699999809265137,1068.0,113.0,51.0,25.92833137512207,322.0,172.0,310.0,172.0,29.0
168,169,lozano2014_site2,-35.3,-59.5833,1000.0,from digitized graph,667.0,1546.0,16.670833587646484,12.925000190734863,48.77358627319336,499.2151184082031,31.399999618530273,4.900000095367432,26.5,19.766666412353516,10.616666793823242,22.899999618530273,10.616666793823242,1033.0,118.0,47.0,28.803842544555664,321.0,154.0,302.0,154.0,37.0
169,170,lozano2020,-22.8833,-46.9,1700.0,,986.0,1323.0,18.950000762939453,10.316666603088379,61.77644348144531,229.7825164794922,26.200000762939453,9.5,16.700000762939453,21.383333206176758,15.933333396911621,21.450000762939453,15.933333396911621,1306.0,226.0,28.0,66.4522476196289,626.0,106.0,568.0,106.0,811.0
170,171,Sandin2017,59.71667,17.68917,572.0,,746.0,732.0,5.820833206176758,7.9083333015441895,27.84624481201172,740.5570678710938,21.399999618530273,-7.0,28.399999618530273,14.166666984558105,-0.033333390951156616,15.350000381469727,-2.816666603088379,547.0,73.0,25.0,31.595666885375977,193.0,89.0,188.0,103.0,15.0
171,172,Miller2018,49.70007,-112.763,,,292.0,1301.0,5.824999809265137,13.283332824707031,33.291561126708984,963.8617553710938,26.0,-13.899999618530273,39.900001525878906,15.316666603088379,-6.199999809265137,17.5,-6.199999809265137,381.0,75.0,12.0,57.34851837158203,168.0,45.0,158.0,45.0,909.0
172,173,Mirzavand2019,29.5749,52.5875,235.0,,79.0,2402.0,18.358333587646484,15.233333587646484,40.29982376098633,845.796630859375,38.20000076293945,0.4000000059604645,37.79999923706055,8.449999809265137,28.549999237060547,28.700000762939453,8.316666603088379,190.0,46.0,0.0,104.09789276123047,117.0,2.0,2.0,115.0,1501.0
173,174,Rienzner2014,45.3232,9.2695,275.0,,831.0,1024.0,12.379166603088379,9.258333206176758,30.964324951171875,775.846923828125,28.0,-1.899999976158142,29.899999618530273,17.933332443237305,2.6000001430511475,21.733333587646484,2.6000001430511475,852.0,111.0,48.0,24.070837020874023,267.0,171.0,192.0,171.0,88.0
174,175,Pulido2014_Kruishoutem,50.98333,3.516667,,,962.0,832.0,10.445833206176758,7.4083333015441895,33.370872497558594,553.1005859375,23.0,0.800000011920929,22.200000762939453,7.433333396911621,6.400000095367432,17.350000381469727,3.883333206176758,801.0,85.0,48.0,17.29492950439453,242.0,160.0,201.0,191.0,7.0
175,176,Pulido2014_Heestert,50.78333,3.4,,,916.0,841.0,10.329166412353516,7.575000286102295,33.81696319580078,550.8607177734375,23.100000381469727,0.699999988079071,22.399999618530273,7.316666603088379,6.333333492279053,17.21666717529297,3.799999952316284,772.0,80.0,47.0,15.641048431396484,227.0,158.0,195.0,182.0,26.0
176,177,Soracco2015,-34.9167,-57.95,1000.0,,813.0,1383.0,16.40416717529297,10.27500057220459,42.99163055419922,494.71966552734375,29.0,5.099999904632568,23.899999618530273,22.049999237060547,10.283333778381348,22.46666717529297,10.283333778381348,1126.0,123.0,61.0,23.24140167236328,349.0,198.0,332.0,198.0,25.0
177,178,Soracco2019_CHA,-35.7333,-58.05,,,726.0,1347.0,15.574999809265137,11.333333015441895,45.33333206176758,497.62847900390625,29.0,4.0,25.0,21.25,9.416666984558105,21.700000762939453,9.416666984558105,979.0,107.0,52.0,23.7817325592041,296.0,166.0,290.0,166.0,12.0
178,179,Soracco2019_PER,-33.95,-60.55,,,642.0,1507.0,16.554166793823242,13.074999809265137,48.6059455871582,513.34228515625,31.0,4.099999904632568,26.899999618530273,22.116666793823242,10.149999618530273,22.933334350585938,10.149999618530273,968.0,140.0,32.0,44.206172943115234,366.0,112.0,320.0,112.0,59.0
179,180,Soracco2019_DOR,-33.8245,-63.7282,,,511.0,1679.0,16.70833396911621,13.466667175292969,47.58539581298828,541.7305297851562,30.799999237060547,2.5,28.299999237060547,22.483333587646484,9.800000190734863,23.316665649414062,9.800000190734863,859.0,123.0,17.0,60.71229934692383,352.0,56.0,349.0,56.0,161.0
180,181,Wanniarachchi2019,49.07294,-57.5608,1113.0,,1568.0,654.0,3.862499952316284,8.441666603088379,25.65856170654297,838.6139526367188,20.100000381469727,-12.800000190734863,32.900001525878906,11.283333778381348,-3.633333206176758,14.199999809265137,-6.383333206176758,1027.0,106.0,64.0,17.956501007080078,311.0,199.0,291.0,227.0,31.0
181,182,Zeng2013_CLS,42.86667,89.2,25.3,,10.0,2075.0,15.033332824707031,13.916666984558105,26.110069274902344,1470.28955078125,40.599998474121094,-12.699999809265137,53.29999923706055,31.633333206176758,-2.7166666984558105,31.633333206176758,-4.449999809265137,22.0,5.0,1.0,42.120574951171875,10.0,3.0,10.0,3.0,-69.0
182,183,Zeng2013_SLS,42.9,90.5,25.3,,12.0,2191.0,12.416666984558105,15.216667175292969,28.179012298583984,1435.67431640625,38.20000076293945,-15.800000190734863,54.0,28.983333587646484,-2.066666603088379,28.983333587646484,-6.300000190734863,28.0,7.0,0.0,66.87844848632812,17.0,2.0,17.0,2.0,359.0
183,184,Zhang2013_1,41.58333,115.8167,392.0,site location from fig1,330.0,1276.0,2.9833333492279053,13.0,27.659574508666992,1301.3809814453125,25.0,-22.0,47.0,18.066667556762695,-13.966667175292969,18.066667556762695,-13.966667175292969,422.0,110.0,3.0,100.66278839111328,266.0,12.0,266.0,12.0,1485.0
184,185,Zhang2013_2,42.16667,114.85,392.0,site location from fig1,226.0,1385.0,3.879166603088379,12.441666603088379,26.359464645385742,1320.859619140625,26.399999618530273,-20.799999237060547,47.19999694824219,19.316665649414062,-13.166666030883789,19.316665649414062,-13.166666030883789,314.0,84.0,2.0,105.86009979248047,207.0,8.0,207.0,8.0,1283.0
185,186,Zhang2016,28.2058,116.9283,1706.0,coordinates not given. estimated by information about location,1331.0,1325.0,18.504167556762695,8.391667366027832,26.810436248779297,830.5049438476562,33.900001525878906,2.5999999046325684,31.30000114440918,22.483333587646484,14.383333206176758,28.299999237060547,7.949999809265137,1766.0,329.0,49.0,62.53007888793945,853.0,180.0,587.0,241.0,45.0
186,187,Zhang2021,39.35,100.15,117.0,,109.0,1620.0,7.179166793823242,15.308333396911621,33.2067985534668,1127.3248291015625,28.799999237060547,-17.299999237060547,46.099998474121094,20.33333396911621,-7.383333206176758,20.33333396911621,-7.383333206176758,177.0,42.0,2.0,94.91527557373047,110.0,8.0,110.0,8.0,1386.0
187,188,Hardie2012,-42.785,147.4385,478.0,Lat reported as -2.785. but that is nowhere near reported Tasmania University; think it is a typo and they meant -42.785,415.0,1252.0,12.583333015441895,10.216666221618652,51.340030670166016,346.26141357421875,23.200000762939453,3.299999952316284,19.900001525878906,14.033332824707031,10.600000381469727,16.78333282470703,8.216666221618652,520.0,57.0,33.0,17.160476684570312,157.0,108.0,138.0,127.0,8.0
188,189,zhao2014,37.25,118.3,505.0,,398.0,1529.0,13.566666603088379,10.916666984558105,28.063411712646484,1077.286865234375,31.299999237060547,-7.599999904632568,38.89999771118164,26.149999618530273,-0.550000011920929,26.149999618530273,-0.550000011920929,610.0,198.0,6.0,113.85411071777344,401.0,22.0,401.0,22.0,5.0
189,190,beiblei2016,35.28,107.88,555.0,type in paper for 107.88,492.0,1211.0,9.979166984558105,10.658332824707031,28.728660583496094,960.1076049804688,27.899999618530273,-9.199999809265137,37.099998474121094,20.116666793823242,-2.2333333492279053,21.58333396911621,-2.2333333492279053,597.0,113.0,5.0,79.9079360961914,326.0,18.0,279.0,18.0,1086.0
190,191,Yusuf2018/20,8.5,4.583333,1300.0,,676.0,1709.0,26.362499237060547,11.174999237060547,65.73529052734375,145.18209838867188,35.29999923706055,18.299999237060547,17.0,24.649999618530273,26.75,28.399999618530273,24.649999618530273,1156.0,230.0,6.0,78.2618179321289,507.0,25.0,161.0,507.0,299.0
191,192,fasinmirin2018_cropland,7.5,5.25,1500.0,,919.0,1496.0,25.237499237060547,9.141666412353516,68.73433685302734,125.08406066894531,32.5,19.200000762939453,13.299999237060547,23.700000762939453,25.600000381469727,26.933334350585938,23.700000762939453,1376.0,245.0,8.0,68.00941467285156,575.0,51.0,240.0,575.0,364.0
192,193,fasinmirin2018_oilpalm,7.5,5.21667,1500.0,,938.0,1495.0,25.09583282470703,9.258333206176758,69.61152648925781,123.38883972167969,32.29999923706055,19.0,13.299999237060547,23.566667556762695,25.450000762939453,26.75,23.566667556762695,1403.0,247.0,8.0,67.44190979003906,580.0,53.0,247.0,580.0,429.0
193,194,fasinmirin2018_grazing,7.5,5.2,1500.0,,922.0,1499.0,25.39583396911621,9.208333015441895,69.235595703125,123.57290649414062,32.599998474121094,19.299999237060547,13.299999237060547,23.883333206176758,25.71666717529297,27.066665649414062,23.883333206176758,1384.0,244.0,8.0,67.7050552368164,574.0,52.0,243.0,574.0,365.0
194,195,Lopes2020,-20.8335,-42.8669,1229.0,,1035.0,1238.0,19.3125,12.074999809265137,61.607139587402344,237.6315460205078,28.100000381469727,8.5,19.600000381469727,21.133333206176758,16.133333206176758,22.016666412353516,16.133333206176758,1282.0,248.0,19.0,77.967041015625,669.0,62.0,507.0,62.0,750.0
195,196,khetdan2017,13.46667,99.26667,1089.0,,591.0,1710.0,26.512500762939453,8.958333969116211,60.9410400390625,127.08487701416016,33.70000076293945,19.0,14.700000762939453,26.33333396911621,25.266666412353516,28.16666603088379,24.883333206176758,1012.0,203.0,4.0,83.66971588134766,521.0,16.0,193.0,72.0,172.0
196,197,Rahbeh_2019_Segment1,32.14353,36.07609,150.0,coordinates not given. estimated by information about location,98.0,2106.0,18.59583282470703,11.758333206176758,41.402584075927734,666.2188110351562,33.099998474121094,4.699999809265137,28.39999771118164,10.033332824707031,26.03333282470703,26.03333282470703,10.033332824707031,208.0,47.0,0.0,105.90386199951172,132.0,0.0,0.0,132.0,494.0
197,198,Rahbeh_2019_Segment2,32.17148,36.01177,200.0,coordinates not given. estimated by information about location,106.0,2096.0,18.754167556762695,11.641666412353516,41.5773811340332,656.6182250976562,33.099998474121094,5.099999904632568,27.999998092651367,10.333333015441895,26.083332061767578,26.100000381469727,10.333333015441895,224.0,51.0,0.0,106.68790435791016,143.0,0.0,0.0,143.0,441.0
198,199,Rahbeh_2019_Segment3,32.19125,35.95822,300.0,coordinates not given. estimated by information about location,114.0,2105.0,18.950000762939453,11.449999809265137,41.6363639831543,647.0000610351562,33.0,5.5,27.5,10.666666984558105,26.16666603088379,26.200000762939453,10.666666984558105,240.0,55.0,0.0,105.6631851196289,152.0,0.0,0.0,152.0,392.0
199,200,zhang2014,28.26247,117.0683,1706.0,approximative location from experimental station,1344.0,1332.0,18.725000381469727,8.450000762939453,26.99680519104004,828.0741577148438,34.20000076293945,2.9000000953674316,31.30000114440918,22.683334350585938,14.633333206176758,28.5,8.216667175292969,1791.0,335.0,51.0,62.37488555908203,863.0,183.0,597.0,247.0,35.0
200,201,Yu2014,36.75558,-116.694,108.0,coordinates not given. estimated by information about location,37.0,2798.0,17.204166412353516,18.241666793823242,44.2758903503418,839.4139404296875,39.400001525878906,-1.7999999523162842,41.20000076293945,9.149999618530273,20.75,27.799999237060547,7.333333492279053,105.0,16.0,3.0,43.10022735595703,41.0,12.0,26.0,40.0,841.0
201,202,Zeng2013b,31.42629,91.97464,422.5,coordinates and percipitation given in range. mean taken,357.0,1187.0,-0.4208332300186157,14.791666984558105,40.414390563964844,804.0195922851562,15.699999809265137,-20.899999618530273,36.599998474121094,9.066666603088379,-8.649999618530273,9.066666603088379,-10.633333206176758,425.0,105.0,3.0,110.77483367919922,280.0,9.0,280.0,9.0,4488.0
202,203,wang2022,50.90574,3.124595,,,921.0,828.0,10.216666221618652,7.583333492279053,34.62709045410156,537.2630004882812,22.600000381469727,0.699999988079071,21.899999618530273,10.783333778381348,6.199999809265137,16.933332443237305,3.883333206176758,763.0,82.0,45.0,17.892942428588867,231.0,153.0,189.0,179.0,21.0
203,204,Larsbo2016,59.71667,17.68917,572.0,,746.0,732.0,5.820833206176758,7.9083333015441895,27.84624481201172,740.5570678710938,21.399999618530273,-7.0,28.399999618530273,14.166666984558105,-0.033333390951156616,15.350000381469727,-2.816666603088379,547.0,73.0,25.0,31.595666885375977,193.0,89.0,188.0,103.0,15.0
204,205,Alletto2015,43.42344,1.319746,650.0,coordinates not given. estimated by information about location,641.0,1199.0,12.600000381469727,9.716667175292969,39.180110931396484,563.2535400390625,26.299999237060547,1.5,24.799999237060547,14.350000381469727,19.649999618530273,19.683332443237305,6.099999904632568,769.0,85.0,48.0,15.4270658493042,233.0,161.0,172.0,186.0,233.0
