MeanTemperatureofWarmestQuarter,SoilTypeWRB,BulkDensity,Longitude,Isothermality,SiltContent,SoilOrganicCarbon,AnnualMeanTemperature,PrecipitationofDriestQuarter,AnnualPrecipitation,SoilTextureUSDA
17.08333396911621,1.4735732651134856,0.82,-106.0,25.33687973022461,0.38,0.059,2.020833253860474,45.0,397.0,1.4735732651134856
17.08333396911621,1.7443530861867957,0.81,-106.0,25.33687973022461,0.39,0.052,2.020833253860474,45.0,397.0,1.7443530861867957
17.08333396911621,1.8467601437335366,1.11,-106.0,25.33687973022461,0.34,0.036,2.020833253860474,45.0,397.0,1.8467601437335366
22.26666641235352,1.4735732651134856,1.48817,-8.5,43.70451354980469,0.279,0.073256,16.46249961853027,32.0,692.0,1.4735732651134856
22.26666641235352,1.8415462844815762,1.4626379706599995,-8.5,43.70451354980469,0.279,0.073256,16.46249961853027,32.0,692.0,1.8415462844815762
22.26666641235352,1.852073563248596,1.4552926894799996,-8.5,43.70451354980469,0.279,0.073256,16.46249961853027,32.0,692.0,1.852073563248596
22.26666641235352,1.8350086359133997,1.43809268948,-8.5,43.70451354980469,0.279,0.073256,16.46249961853027,32.0,692.0,1.8350086359133997
22.26666641235352,1.8568205224390546,1.4355926894799997,-8.5,43.70451354980469,0.279,0.073256,16.46249961853027,32.0,692.0,1.8568205224390546
22.26666641235352,1.8835222409902894,1.4344299999999996,-8.5,43.70451354980469,0.279,0.073256,16.46249961853027,32.0,692.0,1.8835222409902894
22.26666641235352,1.847273861384126,1.4331099999999994,-8.5,43.70451354980469,0.279,0.073256,16.46249961853027,32.0,692.0,1.847273861384126
22.26666641235352,1.8165348457384944,1.4436199999999997,-8.5,43.70451354980469,0.279,0.073256,16.46249961853027,32.0,692.0,1.8165348457384944
22.26666641235352,1.806041849516613,1.43759,-8.5,43.70451354980469,0.279,0.073256,16.46249961853027,32.0,692.0,1.806041849516613
22.26666641235352,1.8058444689649646,1.4370926894799998,-8.5,43.70451354980469,0.279,0.073256,16.46249961853027,32.0,692.0,1.8058444689649646
25.45000076293945,1.4735732651134856,1.42,-1.0,41.60561370849609,0.4292,0.0062209,17.8791675567627,31.0,303.0,1.7441457620109524
25.45000076293945,1.6973201822447437,1.36,-1.0,41.60561370849609,0.4292,0.0062209,17.8791675567627,31.0,303.0,1.779530029483962
17.68333435058594,1.4735732651134856,1.3265540097899993,1.8,35.87105560302734,0.783,0.010291,10.57499980926514,140.0,621.0,1.4735732651134856
17.68333435058594,1.5603472518662902,1.3239777261699996,1.8,35.87105560302734,0.746,0.010872,10.57499980926514,140.0,621.0,1.5603472518662902
17.68333435058594,1.541582484708132,1.3176640097899994,1.8,35.87105560302734,0.663,0.010814,10.57499980926514,140.0,621.0,1.4735732651134856
17.68333435058594,1.4191187951102093,1.3357540097899994,1.8,35.87105560302734,0.783,0.010291,10.57499980926514,140.0,621.0,1.5415824847081323
17.68333435058594,1.4655079550913008,1.3450192909599992,1.8,35.87105560302734,0.783,0.010291,10.57499980926514,140.0,621.0,1.5689530122850162
17.68333435058594,1.423973691474936,1.3397444987899996,1.8,35.87105560302734,0.468,0.0057,10.57499980926514,140.0,621.0,1.7999772673688943
17.68333435058594,1.454887523226347,1.3417210269099993,1.8,35.87105560302734,0.468,0.0057,10.57499980926514,140.0,621.0,1.7771763025640257
24.39999961853027,1.4735732651134856,1.18,-102.0,41.58163452148438,0.29913832488999986,0.01,13.72500038146973,36.0,470.0,1.2626504957149627
24.39999961853027,1.6950301883515464,1.25,-102.0,41.58163452148438,0.2979458592199999,0.013,13.72500038146973,36.0,470.0,1.480596034339844
24.39999961853027,1.7228768397262766,1.17,-102.0,41.58163452148438,0.30838348561999995,0.0225,13.72500038146973,36.0,470.0,1.5550895613738174
24.39999961853027,1.8017080196602075,1.18,-102.0,41.58163452148438,0.33044280057999986,0.01,13.72500038146973,36.0,470.0,1.6517119609914537
24.39999961853027,1.7911962936817374,1.25,-102.0,41.58163452148438,0.33192880057999985,0.013,13.72500038146973,36.0,470.0,1.6679515324541878
24.39999961853027,1.7312260819847147,1.17,-102.0,41.58163452148438,0.34258642697999986,0.0225,13.72500038146973,36.0,470.0,1.6341548883178183
24.39999961853027,1.6997367779942836,1.18,-102.0,41.58163452148438,0.3320698555799998,0.01,13.72500038146973,36.0,470.0,1.618735646534553
24.39999961853027,1.7353391951623487,1.25,-102.0,41.58163452148438,0.33187880057999986,0.013,13.72500038146973,36.0,470.0,1.659382365290581
24.39999961853027,1.7136153734022108,1.17,-102.0,41.58163452148438,0.3411464269799998,0.0225,13.72500038146973,36.0,470.0,1.6474266086936336
19.29999923706055,1.4735732651134856,1.361080635699999,-75.0,25.12165451049805,0.52,0.0216,6.3125,197.0,990.0,1.7419446361599442
19.29999923706055,1.4712716143113305,1.3559806356999988,-75.0,25.12165451049805,0.52,0.0216,6.3125,197.0,990.0,1.711614116976525
20.16666603088379,1.459941954239475,1.37,-89.5,27.77131843566895,0.3610208913599999,0.0052326,6.945833206176758,81.0,811.0,1.4735732651134856
20.16666603088379,1.577181519487529,1.57,-89.5,27.77131843566895,0.3741390208099999,0.0046512,6.945833206176758,81.0,811.0,1.9943356532927217
22.04999923706055,1.4735732651134856,1.13,-76.0,30.32473754882812,0.534,0.11,11.02499961853027,247.0,1146.0,1.4984228845066352
22.04999923706055,1.2758621871929,1.5,-76.0,30.32473754882812,0.535,0.015,11.02499961853027,247.0,1146.0,1.4283775886342482
22.04999923706055,1.2786556369283903,1.58,-76.0,30.32473754882812,0.359,0.03,11.02499961853027,247.0,1146.0,1.4735732651134856
22.04999923706055,1.277477582993327,1.69,-76.0,30.32473754882812,0.584,0.014,11.02499961853027,247.0,1146.0,1.4077868668864084
22.04999923706055,1.1968305689795904,1.13,-76.0,30.32473754882812,0.534,0.11,11.02499961853027,247.0,1146.0,1.341093822641188
22.04999923706055,1.1998751399547698,1.5,-76.0,30.32473754882812,0.535,0.015,11.02499961853027,247.0,1146.0,1.3270942862177968
22.04999923706055,1.185048888328572,1.58,-76.0,30.32473754882812,0.359,0.03,11.02499961853027,247.0,1146.0,1.3737583431508114
22.04999923706055,1.1854366670533594,1.69,-76.0,30.32473754882812,0.584,0.014,11.02499961853027,247.0,1146.0,1.3039939954531556
19.26666641235352,1.1505025951693957,0.88,-78.0,31.63841819763184,0.635,0.071,8.408333778381348,208.0,1038.0,1.264633634057204
19.26666641235352,1.178452338816207,1.56,-78.0,31.63841819763184,0.671,0.014,8.408333778381348,208.0,1038.0,1.278414167188896
19.26666641235352,1.1936922480900192,1.47,-78.0,31.63841819763184,0.639,0.02,8.408333778381348,208.0,1038.0,1.2836201036226842
19.26666641235352,1.2296572706435824,1.59,-78.0,31.63841819763184,0.466,0.012,8.408333778381348,208.0,1038.0,1.3118892681428311
19.26666641235352,1.2669100447541395,0.88,-78.0,31.63841819763184,0.635,0.071,8.408333778381348,208.0,1038.0,1.3080238475591195
19.26666641235352,1.2584272673495762,1.56,-78.0,31.63841819763184,0.671,0.014,8.408333778381348,208.0,1038.0,1.2973656684611952
19.26666641235352,1.235742200993439,1.47,-78.0,31.63841819763184,0.639,0.02,8.408333778381348,208.0,1038.0,1.2736647686828402
19.26666641235352,1.2142620615006343,1.59,-78.0,31.63841819763184,0.466,0.012,8.408333778381348,208.0,1038.0,1.4124027846273288
22.04999923706055,1.1961949539165935,1.64,-76.0,30.32473754882812,0.423,0.11,11.02499961853027,247.0,1146.0,1.311346474216251
22.04999923706055,1.2230275254660876,1.6,-76.0,30.32473754882812,0.421,0.013,11.02499961853027,247.0,1146.0,1.3726522688147902
22.04999923706055,1.2209255561391494,1.55,-76.0,30.32473754882812,0.57,0.021,11.02499961853027,247.0,1146.0,1.2512174275314123
22.04999923706055,1.2320852749190339,1.78,-76.0,30.32473754882812,0.23,0.005,11.02499961853027,247.0,1146.0,1.8260366830324366
22.04999923706055,1.2470379395188897,1.64,-76.0,30.32473754882812,0.423,0.11,11.02499961853027,247.0,1146.0,1.3455719601632867
22.04999923706055,1.2518972757876912,1.6,-76.0,30.32473754882812,0.421,0.013,11.02499961853027,247.0,1146.0,1.3466183823219406
22.04999923706055,1.2545130502997413,1.55,-76.0,30.32473754882812,0.57,0.021,11.02499961853027,247.0,1146.0,1.2619342333206025
22.04999923706055,1.2310345903114706,1.78,-76.0,30.32473754882812,0.23,0.005,11.02499961853027,247.0,1146.0,1.8027078954060676
23.78333282470703,1.4735732651134856,1.22,-0.06667,37.62541961669922,0.473,0.011,15.23333358764648,78.0,410.0,1.342778572015597
23.78333282470703,1.623179328181208,1.14,-0.06667,37.62541961669922,0.473,0.011,15.23333358764648,78.0,410.0,1.3857792539389302
23.78333282470703,1.6568670580480296,1.3,-0.06667,37.62541961669922,0.473,0.011,15.23333358764648,78.0,410.0,1.4165486415609978
17.64999961853027,1.72005810238091,0.75,-117.0,37.69607925415039,0.715,0.0371,8.458333015441895,80.0,565.0,1.2318866426501096
17.64999961853027,1.7300865084000259,1.1,-117.0,37.69607925415039,0.704,0.0147,8.458333015441895,80.0,565.0,1.2618108389471634
17.64999961853027,1.631591904260523,1.1,-117.0,37.69607925415039,0.736,0.0182,8.458333015441895,80.0,565.0,1.2278270494128218
17.64999961853027,1.5869589604524732,0.9,-117.0,37.69607925415039,0.714,0.0319,8.458333015441895,80.0,565.0,1.2198059851102336
17.64999961853027,1.6048823721244616,1.25,-117.0,37.69607925415039,0.705,0.0143,8.458333015441895,80.0,565.0,1.246679060708063
17.64999961853027,1.5246942090692481,1.25,-117.0,37.69607925415039,0.74,0.0134,8.458333015441895,80.0,565.0,1.2114865967742376
17.64999961853027,1.4857895258260876,0.75,-117.0,37.69607925415039,0.715,0.0371,8.458333015441895,80.0,565.0,1.1991159039904153
17.64999961853027,1.5166340478134122,1.1,-117.0,37.69607925415039,0.704,0.0147,8.458333015441895,80.0,565.0,1.2303093845911919
17.64999961853027,1.4802301432635454,1.1,-117.0,37.69607925415039,0.736,0.0182,8.458333015441895,80.0,565.0,1.2166447320476592
17.64999961853027,1.4539564516512635,0.9,-117.0,37.69607925415039,0.714,0.0319,8.458333015441895,80.0,565.0,1.2082299202827496
17.64999961853027,1.4663270277484235,1.25,-117.0,37.69607925415039,0.705,0.0143,8.458333015441895,80.0,565.0,1.2252346807417742
17.64999961853027,1.4556635417888972,0.75,-117.0,37.69607925415039,0.715,0.0371,8.458333015441895,80.0,565.0,1.2258066521369944
17.64999961853027,1.4899985380692564,1.1,-117.0,37.69607925415039,0.704,0.0147,8.458333015441895,80.0,565.0,1.2575881620666653
17.64999961853027,1.4801846599708621,0.9,-117.0,37.69607925415039,0.714,0.0319,8.458333015441895,80.0,565.0,1.2577972614335253
17.64999961853027,1.5036957807998992,1.1,-117.0,37.69607925415039,0.704,0.0147,8.458333015441895,80.0,565.0,1.2816352704769869
17.64999961853027,1.498398283793559,1.1,-117.0,37.69607925415039,0.736,0.0182,8.458333015441895,80.0,565.0,1.2842712435700576
17.64999961853027,1.4908596462820152,1.1,-117.0,37.69607925415039,0.736,0.0182,8.458333015441895,80.0,565.0,1.2847890282821537
17.64999961853027,1.4924677795208137,0.9,-117.0,37.69607925415039,0.714,0.0319,8.458333015441895,80.0,565.0,1.291719312044582
17.64999961853027,1.5188157613857791,1.25,-117.0,37.69607925415039,0.74,0.0134,8.458333015441895,80.0,565.0,1.3170839596039134
22.45000076293945,1.2445244112569467,1.3934383129599999,1.0,38.66442108154297,0.52,0.013954,14.05000019073486,92.0,492.0,1.3132413477936953
22.45000076293945,1.218135781800629,1.3747255990200002,1.0,38.66442108154297,0.52,0.013954,14.05000019073486,92.0,492.0,1.3087728489639001
22.45000076293945,1.1879328440127543,1.38110831296,1.0,38.66442108154297,0.52,0.013954,14.05000019073486,92.0,492.0,1.3027315550613339
23.26666641235352,1.5898909570222388,1.66,-8.0,44.75190734863281,0.074,0.0085,16.54583358764648,25.0,564.0,1.8976490671400243
23.26666641235352,1.5043526913368175,1.83,-8.0,44.75190734863281,0.138,0.0083,16.54583358764648,25.0,564.0,1.7795298059595313
23.26666641235352,1.4187500716187211,1.62,-8.0,44.75190734863281,0.129,0.0114,16.54583358764648,25.0,564.0,1.4735732651134856
23.26666641235352,1.8260366830324364,1.7,-8.0,44.75190734863281,0.251,0.0074,16.54583358764648,25.0,564.0,1.686500623728112
15.41666698455811,1.0532773724541353,1.28,17.6,27.90359878540039,0.41,0.017,5.679166793823242,93.0,560.0,1.4735732651134856
16.64999961853027,1.4735732651134856,1.44,175.3,47.01426315307617,0.21,0.04,12.37083339691162,216.0,1076.0,1.6217404532151511
21.5666675567627,1.1430204547516782,1.4536083129600008,110.3,29.98168563842773,0.333,0.0034,8.012499809265137,9.0,423.0,1.6004896692723358
21.5666675567627,1.1946526550700618,1.4745283129600009,110.3,29.98168563842773,0.333,0.0034,8.012499809265137,9.0,423.0,1.5978772215091837
21.5666675567627,1.2278182319045041,1.471628312960001,110.3,29.98168563842773,0.333,0.0034,8.012499809265137,9.0,423.0,1.5920586451242316
21.5666675567627,1.220981998567284,1.4426183129600003,110.3,29.98168563842773,0.355,0.003,8.012499809265137,9.0,423.0,1.56929007951413
21.5666675567627,1.255669843970174,1.4420183129600002,110.3,29.98168563842773,0.355,0.003,8.012499809265137,9.0,423.0,1.5709529904383772
21.5666675567627,1.2883292290556698,1.3879730806900006,110.3,29.98168563842773,0.355,0.003,8.012499809265137,9.0,423.0,1.574602013036365
21.5666675567627,1.3045275288538252,1.3355361613800005,110.3,29.98168563842773,0.355,0.003,8.012499809265137,9.0,423.0,1.5711613363725159
21.5666675567627,1.3057477665394812,1.3130461613800002,110.3,29.98168563842773,0.335,0.0024,8.012499809265137,9.0,423.0,1.5603113155064505
21.5666675567627,1.3270971198441799,1.3207461613800004,110.3,29.98168563842773,0.335,0.0024,8.012499809265137,9.0,423.0,1.563047846781597
21.5666675567627,1.344147605814461,1.2997676772700004,110.3,29.98168563842773,0.335,0.0024,8.012499809265137,9.0,423.0,1.5645221287250803
21.5666675567627,1.3432331461304785,1.2989676772700003,110.3,29.98168563842773,0.335,0.0024,8.012499809265137,9.0,423.0,1.5554482695889909
21.5666675567627,1.3394403779426085,1.28874616138,110.3,29.98168563842773,0.321,0.0027,8.012499809265137,9.0,423.0,1.5450599380763919
21.5666675567627,1.3526280704690326,1.26874616138,110.3,29.98168563842773,0.321,0.0027,8.012499809265137,9.0,423.0,1.5466651737145445
21.5666675567627,1.3729943295607607,1.2733676772700002,110.3,29.98168563842773,0.321,0.0027,8.012499809265137,9.0,423.0,1.5540199350452013
21.5666675567627,1.3794689699859408,1.2683676772700003,110.3,29.98168563842773,0.321,0.0027,8.012499809265137,9.0,423.0,1.552517996493346
28.63333320617676,1.7656179404276813,1.52,52.5,39.75876998901367,0.137,0.0136,18.22916603088379,2.0,200.0,1.535128647580664
16.5,1.362831661359316,1.37,172.5,49.52830123901367,0.519,0.022,11.81666660308838,150.0,701.0,1.2802259077344975
16.5,1.3652310563887806,1.25,172.5,49.52830123901367,0.519,0.029,11.81666660308838,150.0,701.0,1.2835066658131287
21.26666641235352,1.4735732651134856,1.2317581907100001,-93.0,25.33407592773438,0.6,0.031,7.170833587646484,69.0,764.0,1.301855823955344
21.26666641235352,1.321786869188918,1.24188643032,-93.0,25.33407592773438,0.6,0.031,7.170833587646484,69.0,764.0,1.2988591114396397
21.26666641235352,1.1426043030067035,1.25146,-93.0,25.33407592773438,0.6,0.031,7.170833587646484,69.0,764.0,1.2874231127552538
16.39999961853027,1.3947014484529314,1.01,172.5,49.68102264404297,0.52,0.0255,11.82499980926514,142.0,637.0,1.287546319459254
16.39999961853027,1.4059618506682008,1.25,172.5,49.68102264404297,0.52,0.0255,11.82499980926514,142.0,637.0,1.2958157914672415
16.39999961853027,1.391580018153578,1.24,172.5,49.68102264404297,0.52,0.0255,11.82499980926514,142.0,637.0,1.290320341755174
16.39999961853027,1.3936752441181763,1.24,172.5,49.68102264404297,0.52,0.0255,11.82499980926514,142.0,637.0,1.293541378029512
16.39999961853027,1.3931207961387393,1.32,172.5,49.68102264404297,0.52,0.0255,11.82499980926514,142.0,637.0,1.2952335644828008
16.39999961853027,1.391914973512324,1.34,172.5,49.68102264404297,0.52,0.0255,11.82499980926514,142.0,637.0,1.296467258119857
26.21666717529297,1.3366177594443664,1.53,-6.0,40.83924102783203,0.299,0.0054,18.64999961853027,22.0,535.0,1.4096752667358812
26.21666717529297,1.3393666243451616,1.26,-6.0,40.83924102783203,0.299,0.0054,18.64999961853027,22.0,535.0,1.4070157745296978
26.21666717529297,1.3721800343137704,1.65,-6.0,40.83924102783203,0.299,0.0054,18.64999961853027,22.0,535.0,1.4373409173400262
26.21666717529297,1.3240176574477138,1.39,-6.0,40.83924102783203,0.299,0.0054,18.64999961853027,22.0,535.0,1.3816236564811488
19.08333396911621,1.3603389090018483,1.2,-81.0,25.882080078125,0.325,0.037,7.320833206176758,210.0,1008.0,1.5110718411200368
19.08333396911621,1.3920641179888917,1.2,-81.0,25.882080078125,0.325,0.037,7.320833206176758,210.0,1008.0,1.523808835957873
19.08333396911621,1.3915917917444325,1.4,-81.0,25.882080078125,0.365,0.019,7.320833206176758,210.0,1008.0,1.4166146113178266
19.08333396911621,1.3849712585042036,1.4,-81.0,25.882080078125,0.365,0.019,7.320833206176758,210.0,1008.0,1.4073538181191223
19.08333396911621,1.3865512581693007,1.1,-81.0,25.882080078125,0.488,0.031,7.320833206176758,210.0,1008.0,1.4079536755275737
22.54999923706055,1.400082677998137,1.23,146.0,45.65217590332031,0.12,0.0115,15.61666679382324,94.0,506.0,0.9123016392327968
22.54999923706055,1.3841712606399315,1.33,146.0,45.65217590332031,0.12,0.0115,15.61666679382324,94.0,506.0,0.9529077857416676
31.06666564941406,1.4735732651134856,1.5361800000000005,-1.0,62.47927474975586,0.201,0.0077,27.94583320617676,5.0,852.0,1.519670044292764
31.06666564941406,1.7754215170988212,1.52998,-1.0,62.47927474975586,0.201,0.0077,27.94583320617676,5.0,852.0,1.5356014650010894
31.06666564941406,1.861724746754781,1.5426431540300003,-1.0,62.47927474975586,0.201,0.0077,27.94583320617676,5.0,852.0,1.5494550689195785
31.06666564941406,1.9046034459146142,1.54554315403,-1.0,62.47927474975586,0.201,0.0077,27.94583320617676,5.0,852.0,1.562530324986458
31.41666793823242,1.4735732651134856,1.56,78.6,48.14452743530273,0.171,0.00684,26.78750038146973,13.0,717.0,0.9522930717896689
31.41666793823242,1.5357566379256693,1.62,78.6,48.14452743530273,0.175,0.00625,26.78750038146973,13.0,717.0,1.0814224595793058
31.41666793823242,1.5485148478596857,1.41,78.6,48.14452743530273,0.173,0.00889,26.78750038146973,13.0,717.0,1.1635239276040414
31.41666793823242,1.641024768532333,1.37,78.6,48.14452743530273,0.179,0.01782,26.78750038146973,13.0,717.0,1.2713854423106459
24.36666679382324,1.3754835367200005,1.05,135.3,27.57623481750488,0.29,0.0242,13.73750019073486,328.0,1676.0,1.4224951923105273
24.36666679382324,1.4008457261271194,1.1,135.3,27.57623481750488,0.29,0.0117,13.73750019073486,328.0,1676.0,1.459456003112036
24.36666679382324,1.4286989476220644,1.15,135.3,27.57623481750488,0.29,0.0064,13.73750019073486,328.0,1676.0,1.499108041724099
24.36666679382324,1.414408489113115,1.05,135.3,27.57623481750488,0.29,0.0242,13.73750019073486,328.0,1676.0,1.4744719405924003
24.36666679382324,1.409542673313272,1.1,135.3,27.57623481750488,0.29,0.0117,13.73750019073486,328.0,1676.0,1.4646675410848378
24.36666679382324,1.4011693087017025,1.15,135.3,27.57623481750488,0.29,0.0064,13.73750019073486,328.0,1676.0,1.45015951486915
24.76666641235352,1.7874022154198876,1.4897715159,-6.2,41.19812774658203,0.32,0.006,18.02083396911621,21.0,542.0,1.4735732651134856
20.76666641235352,1.366099496860504,1.09,1.4,37.937744140625,0.502,0.01,13.26666641235352,146.0,670.0,1.6593007954659584
20.76666641235352,1.3881043443036714,1.43,1.4,37.937744140625,0.502,0.01,13.26666641235352,146.0,670.0,1.6807107860887696
20.76666641235352,1.3934030168540472,1.07,1.4,37.937744140625,0.623,0.008,13.26666641235352,146.0,670.0,1.2888231160356798
20.76666641235352,1.4142300872928362,1.42,1.4,37.937744140625,0.623,0.008,13.26666641235352,146.0,670.0,1.3014063387274846
20.76666641235352,1.4177007526931111,1.28,1.4,37.937744140625,0.374,0.013,13.26666641235352,146.0,670.0,1.4626370389094274
20.76666641235352,1.4213903759545192,1.4,1.4,37.937744140625,0.374,0.013,13.26666641235352,146.0,670.0,1.4650240692311398
20.76666641235352,1.4233554740552528,1.23,1.4,37.937744140625,0.516,0.013,13.26666641235352,146.0,670.0,1.6687999433598981
20.76666641235352,1.429018973183584,1.41,1.4,37.937744140625,0.516,0.013,13.26666641235352,146.0,670.0,1.6638088007651572
20.76666641235352,1.4321502499486007,1.21,1.4,37.937744140625,0.58,0.012,13.26666641235352,146.0,670.0,1.3052952716862447
20.76666641235352,1.4436014198734555,1.4,1.4,37.937744140625,0.58,0.012,13.26666641235352,146.0,670.0,1.3144724277913822
20.76666641235352,1.4446473610667527,1.23,1.4,37.937744140625,0.302,0.013,13.26666641235352,146.0,670.0,1.5755015284095053
20.76666641235352,1.4506758506497608,1.4,1.4,37.937744140625,0.302,0.013,13.26666641235352,146.0,670.0,1.5775564763085443
20.76666641235352,1.4503839906930522,1.35,1.4,37.937744140625,0.502,0.01,13.26666641235352,146.0,670.0,1.6548362026917542
20.76666641235352,1.4525407911019728,1.39,1.4,37.937744140625,0.502,0.01,13.26666641235352,146.0,670.0,1.6470455403874642
20.76666641235352,1.4511039284064482,1.34,1.4,37.937744140625,0.623,0.008,13.26666641235352,146.0,670.0,1.3174133383744926
20.76666641235352,1.4521612957102565,1.38,1.4,37.937744140625,0.623,0.008,13.26666641235352,146.0,670.0,1.3204822491618695
20.76666641235352,1.4488553604931318,1.42,1.4,37.937744140625,0.374,0.013,13.26666641235352,146.0,670.0,1.465591448851339
20.76666641235352,1.4464698153961741,1.4,1.4,37.937744140625,0.374,0.013,13.26666641235352,146.0,670.0,1.4615006118037155
20.76666641235352,1.4446711861455948,1.21,1.4,37.937744140625,0.516,0.013,13.26666641235352,146.0,670.0,1.6323922738159684
20.76666641235352,1.441805657033682,1.41,1.4,37.937744140625,0.516,0.013,13.26666641235352,146.0,670.0,1.6151178938447115
20.76666641235352,1.441189793895412,1.24,1.4,37.937744140625,0.58,0.012,13.26666641235352,146.0,670.0,1.3204726222284797
20.76666641235352,1.439966353337884,1.43,1.4,37.937744140625,0.58,0.012,13.26666641235352,146.0,670.0,1.3215855433569235
20.76666641235352,1.4367069676427675,1.24,1.4,37.937744140625,0.302,0.013,13.26666641235352,146.0,670.0,1.574121786706037
20.76666641235352,1.4358441755874531,1.37,1.4,37.937744140625,0.302,0.013,13.26666641235352,146.0,670.0,1.5697811514459628
20.76666641235352,1.4338009770045703,0.97,1.4,37.937744140625,0.502,0.01,13.26666641235352,146.0,670.0,1.6045699877976114
20.76666641235352,1.449341209660431,1.5,1.4,37.937744140625,0.502,0.01,13.26666641235352,146.0,670.0,1.634105107264818
20.76666641235352,1.4518935528702832,1.05,1.4,37.937744140625,0.623,0.008,13.26666641235352,146.0,670.0,1.32105969449035
20.76666641235352,1.4693320792218638,1.5,1.4,37.937744140625,0.623,0.008,13.26666641235352,146.0,670.0,1.337784263380687
20.76666641235352,1.4680201337478693,1.13,1.4,37.937744140625,0.374,0.013,13.26666641235352,146.0,670.0,1.458377397150892
20.76666641235352,1.477407910780263,1.5,1.4,37.937744140625,0.374,0.013,13.26666641235352,146.0,670.0,1.4752838944613529
20.76666641235352,1.4774515657927114,1.31,1.4,37.937744140625,0.516,0.013,13.26666641235352,146.0,670.0,1.631383834069019
20.76666641235352,1.4843621320198614,1.34,1.4,37.937744140625,0.516,0.013,13.26666641235352,146.0,670.0,1.641663328351607
20.76666641235352,1.4923678029000447,1.33,1.4,37.937744140625,0.58,0.012,13.26666641235352,146.0,670.0,1.3388056609805814
20.76666641235352,1.4992965053517642,1.37,1.4,37.937744140625,0.58,0.012,13.26666641235352,146.0,670.0,1.3475119813245098
20.76666641235352,1.5056500495047966,1.23,1.4,37.937744140625,0.302,0.013,13.26666641235352,146.0,670.0,1.564257091735561
20.76666641235352,1.5069972836146075,1.4,1.4,37.937744140625,0.302,0.013,13.26666641235352,146.0,670.0,1.564742667787842
21.39999961853027,1.4111950950121017,1.22,45.0,33.51400375366211,0.38,0.0085,10.64999961853027,13.0,354.0,1.4523016492883616
21.39999961853027,1.4418269375561907,1.21,45.0,33.51400375366211,0.38,0.0085,10.64999961853027,13.0,354.0,1.8163921892400385
21.39999961853027,1.4796004697256435,1.17,45.0,33.51400375366211,0.38,0.0085,10.64999961853027,13.0,354.0,2.0815994319288755
21.39999961853027,1.5158036077034542,1.19,45.0,33.51400375366211,0.367,0.0103,10.64999961853027,13.0,354.0,2.2435841157151546
21.39999961853027,1.5448161755259682,1.22,45.0,33.51400375366211,0.367,0.0103,10.64999961853027,13.0,354.0,2.3157044831966296
21.39999961853027,1.5712919542406807,1.25,45.0,33.51400375366211,0.367,0.0103,10.64999961853027,13.0,354.0,2.3606500002869955
21.39999961853027,1.59620853092073,1.26,45.0,33.51400375366211,0.391,0.0072,10.64999961853027,13.0,354.0,2.392792272101464
21.39999961853027,1.6145716749420103,1.28,45.0,33.51400375366211,0.391,0.0072,10.64999961853027,13.0,354.0,2.3920179889608324
21.39999961853027,1.63786002149103,1.32,45.0,33.51400375366211,0.391,0.0072,10.64999961853027,13.0,354.0,2.416742082374637
21.39999961853027,1.660615298866654,1.24,45.0,33.51400375366211,0.338,0.0106,10.64999961853027,13.0,354.0,2.4390243933764073
21.39999961853027,1.6633584683154305,1.26,45.0,33.51400375366211,0.338,0.0106,10.64999961853027,13.0,354.0,2.384672451720905
21.39999961853027,1.6746839098517163,1.2,45.0,33.51400375366211,0.338,0.0106,10.64999961853027,13.0,354.0,2.3701325877824404
21.23333358764648,1.6853783562580726,1.2968916626000007,110.4,29.80910491943359,0.6681119096399999,0.0042,7.658333301544189,8.0,419.0,1.4090762623930786
21.23333358764648,1.682666062554923,1.2964916626000007,110.4,29.80910491943359,0.6681119096399999,0.0042,7.658333301544189,8.0,419.0,1.425009562660931
19.54999923706055,1.7441457620109522,1.25,16.6,31.18644142150879,0.54,0.024,10.13333320617676,102.0,584.0,1.3556415139011213
19.54999923706055,1.72695694579721,1.21,16.6,31.18644142150879,0.54,0.024,10.13333320617676,102.0,584.0,1.360296285701754
19.54999923706055,1.6724280513140861,1.4,16.6,31.18644142150879,0.54,0.024,10.13333320617676,102.0,584.0,1.3608945780229162
19.54999923706055,1.5989599476110314,1.37,16.6,31.18644142150879,0.54,0.024,10.13333320617676,102.0,584.0,1.357868559326943
19.54999923706055,1.6112347042820825,1.39,16.6,31.18644142150879,0.54,0.024,10.13333320617676,102.0,584.0,1.3628581099394796
19.54999923706055,1.6256934847684883,1.45,16.6,31.18644142150879,0.54,0.024,10.13333320617676,102.0,584.0,1.3683436986165847
19.54999923706055,1.5474331367382526,1.36,16.6,31.18644142150879,0.54,0.024,10.13333320617676,102.0,584.0,1.3608400744144353
19.54999923706055,1.5438922141000084,1.3,16.6,31.18644142150879,0.54,0.024,10.13333320617676,102.0,584.0,1.3629195520665922
19.54999923706055,1.4931593645966663,1.46,16.6,31.18644142150879,0.54,0.024,10.13333320617676,102.0,584.0,1.356977586344277
19.54999923706055,1.434454798315027,1.39,16.6,31.18644142150879,0.54,0.024,10.13333320617676,102.0,584.0,1.3483888523249767
19.54999923706055,1.4248829523946445,1.42,16.6,31.18644142150879,0.54,0.024,10.13333320617676,102.0,584.0,1.3477410158804455
19.54999923706055,1.3944887568422104,1.5,16.6,31.18644142150879,0.54,0.024,10.13333320617676,102.0,584.0,1.3426907359234812
19.54999923706055,1.358647582507605,1.4,16.6,31.18644142150879,0.54,0.024,10.13333320617676,102.0,584.0,1.3358267784440743
19.54999923706055,1.3408019847690322,1.46,16.6,31.18644142150879,0.54,0.024,10.13333320617676,102.0,584.0,1.33218321535976
19.54999923706055,1.3203735393198552,1.39,16.6,31.18644142150879,0.54,0.024,10.13333320617676,102.0,584.0,1.3275794557613505
19.54999923706055,1.335467457930229,1.34,16.6,31.18644142150879,0.54,0.024,10.13333320617676,102.0,584.0,1.3311184245861052
19.54999923706055,1.3409062113702688,1.51,16.6,31.18644142150879,0.54,0.024,10.13333320617676,102.0,584.0,1.3325324758629165
19.54999923706055,1.337907821446357,1.3,16.6,31.18644142150879,0.54,0.024,10.13333320617676,102.0,584.0,1.3318584949629808
19.54999923706055,1.359067830705072,1.29,16.6,31.18644142150879,0.54,0.024,10.13333320617676,102.0,584.0,1.3376093428919458
19.54999923706055,1.3832430574617796,1.42,16.6,31.18644142150879,0.54,0.024,10.13333320617676,102.0,584.0,1.3445670381114323
19.54999923706055,1.3823175113053392,1.3,16.6,31.18644142150879,0.54,0.024,10.13333320617676,102.0,584.0,1.3447630251542393
19.54999923706055,1.3698660060964594,1.25,16.6,31.18644142150879,0.54,0.024,10.13333320617676,102.0,584.0,1.3415426352239934
19.54999923706055,1.3551450546230464,1.44,16.6,31.18644142150879,0.54,0.024,10.13333320617676,102.0,584.0,1.337421456532874
19.54999923706055,1.331659311748199,1.32,16.6,31.18644142150879,0.54,0.024,10.13333320617676,102.0,584.0,1.3303364972279232
19.54999923706055,1.3408215422496816,1.28,16.6,31.18644142150879,0.54,0.024,10.13333320617676,102.0,584.0,1.3332667843706707
19.54999923706055,1.3526636440480957,1.39,16.6,31.18644142150879,0.54,0.024,10.13333320617676,102.0,584.0,1.3372103316744128
19.54999923706055,1.345744794514005,1.3,16.6,31.18644142150879,0.54,0.024,10.13333320617676,102.0,584.0,1.3350757519672012
19.54999923706055,1.3623481537935642,1.27,16.6,31.18644142150879,0.54,0.024,10.13333320617676,102.0,584.0,1.340849083617895
19.54999923706055,1.3887296503656101,1.33,16.6,31.18644142150879,0.54,0.024,10.13333320617676,102.0,584.0,1.3502589418839943
19.60000038146973,1.4196341799123693,1.34834816626,16.58333,31.01694869995117,0.532322199,0.025,10.16666698455811,101.0,580.0,1.3616387288036145
19.60000038146973,1.4043705273040525,1.3399481662600004,16.58333,31.01694869995117,0.532322199,0.025,10.16666698455811,101.0,580.0,1.3567348060634654
19.60000038146973,1.4018274538858198,1.2912498777499994,16.58333,31.01694869995117,0.532322199,0.025,10.16666698455811,101.0,580.0,1.356299312922438
19.60000038146973,1.3875585997376194,1.2997298777499995,16.58333,31.01694869995117,0.532322199,0.025,10.16666698455811,101.0,580.0,1.351422744085232
19.60000038146973,1.3857910794952153,1.3388281662600001,16.58333,31.01694869995117,0.532322199,0.025,10.16666698455811,101.0,580.0,1.351121069927329
19.60000038146973,1.4169421170963155,1.3418281662600007,16.58333,31.01694869995117,0.532322199,0.025,10.16666698455811,101.0,580.0,1.3635538192988566
19.60000038146973,1.447602783668063,1.35809633252,16.58333,31.01694869995117,0.532322199,0.025,10.16666698455811,101.0,580.0,1.3761715394412364
19.60000038146973,1.4688159393316624,1.3202498777499991,16.58333,31.01694869995117,0.532322199,0.025,10.16666698455811,101.0,580.0,1.3853711141489444
19.60000038146973,1.4962807751138305,1.35671545232,16.58333,31.01694869995117,0.532322199,0.025,10.16666698455811,101.0,580.0,1.3973463922900495
19.60000038146973,1.5119436170069318,1.3438706356899999,16.58333,31.01694869995117,0.532322199,0.025,10.16666698455811,101.0,580.0,1.4047657427050892
19.60000038146973,1.517073408979654,1.3066850611199994,16.58333,31.01694869995117,0.532322199,0.025,10.16666698455811,101.0,580.0,1.4079478682306124
19.60000038146973,1.5368266132318738,1.32232545232,16.58333,31.01694869995117,0.532322199,0.025,10.16666698455811,101.0,580.0,1.4173542771522156
22.36666679382324,1.4735732651134856,1.448,49.63333,36.83155059814453,0.440695482,0.0058,11.74583339691162,11.0,301.0,1.6195557057936907
22.36666679382324,2.182833933901983,1.467,49.63333,36.83155059814453,0.451421372,0.0059,11.74583339691162,11.0,301.0,1.7352410600570352
22.36666679382324,2.356032801416497,1.518,49.63333,36.83155059814453,0.430924587,0.0053,11.74583339691162,11.0,301.0,1.8158401830894093
22.36666679382324,2.4489099153195117,1.519,49.63333,36.83155059814453,0.43044066,0.0052,11.74583339691162,11.0,301.0,1.8859710349308823
22.36666679382324,2.513003397470837,1.421,49.63333,36.83155059814453,0.401905299,0.0051,11.74583339691162,11.0,301.0,1.9490714842984005
22.36666679382324,2.574495326448964,1.392,49.63333,36.83155059814453,0.454376368,0.0058,11.74583339691162,11.0,301.0,1.4754284553320347
22.36666679382324,2.636874188495655,1.471,49.63333,36.83155059814453,0.454453518,0.0061,11.74583339691162,11.0,301.0,2.011263716767814
22.36666679382324,2.67970846177171,1.446,49.63333,36.83155059814453,0.433447089,0.0067,11.74583339691162,11.0,301.0,2.071781507888831
21.4333324432373,1.5068243458488773,1.3,50.38333,38.11922836303711,0.5028,0.0186,10.79166698455811,4.0,234.0,1.6543162141324121
21.4333324432373,1.5171183038805467,1.37,50.38333,38.11922836303711,0.4806,0.0148,10.79166698455811,4.0,234.0,1.6610381671601846
22.23333358764648,1.4735732651134856,1.24,50.46667,37.92475891113281,0.552,0.007,11.23750019073486,3.0,267.0,1.6586255613880387
22.23333358764648,1.7168554699886402,1.27,50.46667,37.92475891113281,0.5574,0.0081,11.23750019073486,3.0,267.0,1.6702221811371063
22.23333358764648,1.7501828569597722,1.23,50.46667,37.92475891113281,0.5466,0.011,11.23750019073486,3.0,267.0,1.6756523829802519
22.23333358764648,1.7703163800790536,1.25,50.46667,37.92475891113281,0.5424,0.008,11.23750019073486,3.0,267.0,1.6811904032108465
21.45000076293945,1.4735732651134856,1.27,-46.9,61.77644348144531,0.2534067,0.03,18.95000076293945,106.0,1306.0,1.5629565314349663
21.45000076293945,1.49424152226567,1.24,-46.9,61.77644348144531,0.1970763,0.0201,18.95000076293945,106.0,1306.0,1.561888825834586
21.45000076293945,1.5083706847409184,1.22,-46.9,61.77644348144531,0.2203212,0.0178,18.95000076293945,106.0,1306.0,1.5613396993966908
21.45000076293945,1.5735138280314713,1.29,-46.9,61.77644348144531,0.3028482,0.0321,18.95000076293945,106.0,1306.0,1.5234196711271522
21.45000076293945,1.4435801000882746,1.18,-46.9,61.77644348144531,0.3217828,0.0321,18.95000076293945,106.0,1306.0,2.103101775253281
21.45000076293945,1.4901810391540844,1.33,-46.9,61.77644348144531,0.2817844,0.0256,18.95000076293945,106.0,1306.0,1.5052507474055865
21.45000076293945,1.499771420888484,1.23,-46.9,61.77644348144531,0.217715,0.0145,18.95000076293945,106.0,1306.0,1.5657567963861896
21.45000076293945,1.522094437824466,1.29,-46.9,61.77644348144531,0.1900319,0.0173,18.95000076293945,106.0,1306.0,1.5681026038859844
21.45000076293945,1.5218609470175377,1.22,-46.9,61.77644348144531,0.2659572,0.0213,18.95000076293945,106.0,1306.0,1.567120775654885
21.45000076293945,1.5180529462305112,1.33,-46.9,61.77644348144531,0.2269989,0.022,18.95000076293945,106.0,1306.0,1.428769666434004
21.45000076293945,1.5267221978628358,1.34,-46.9,61.77644348144531,0.1897207,0.019,18.95000076293945,106.0,1306.0,1.4455555798660114
21.45000076293945,1.52894674968827,1.42,-46.9,61.77644348144531,0.1964539,0.0174,18.95000076293945,106.0,1306.0,1.4545440165245136
21.45000076293945,1.5268942533522998,1.05,-46.9,61.77644348144531,0.2472921,0.0309,18.95000076293945,106.0,1306.0,1.5654539789247326
21.45000076293945,1.5312306722327278,1.03,-46.9,61.77644348144531,0.2654144,0.0348,18.95000076293945,106.0,1306.0,1.4582148073549865
21.45000076293945,1.5170658736263654,1.15,-46.9,61.77644348144531,0.2503994,0.0338,18.95000076293945,106.0,1306.0,1.4482536563394368
21.45000076293945,1.5357544690418337,1.02,-46.9,61.77644348144531,0.3320901,0.0311,18.95000076293945,106.0,1306.0,2.0819953285438286
21.45000076293945,1.5367596191436736,1.05,-46.9,61.77644348144531,0.3382945,0.0342,18.95000076293945,106.0,1306.0,2.054145154450633
21.45000076293945,1.5278702314198571,0.99,-46.9,61.77644348144531,0.39944,0.0278,18.95000076293945,106.0,1306.0,1.5067820110493895
17.5,1.5324099156694875,0.87,-112.763,33.29156112670898,0.29,0.017,5.824999809265137,45.0,381.0,2.02027542873385
17.5,1.5431249024989961,0.64,-112.763,33.29156112670898,0.29,0.017,5.824999809265137,45.0,381.0,2.020514661166852
17.5,1.5576057908585514,0.97,-112.763,33.29156112670898,0.29,0.017,5.824999809265137,45.0,381.0,2.029751569995545
17.5,1.5673510274919813,0.77,-112.763,33.29156112670898,0.29,0.017,5.824999809265137,45.0,381.0,2.02956137778979
17.5,1.5800612068653586,0.77,-112.763,33.29156112670898,0.29,0.017,5.824999809265137,45.0,381.0,2.036252562748026
17.5,1.589209285616963,0.73,-112.763,33.29156112670898,0.29,0.017,5.824999809265137,45.0,381.0,2.0363010660159286
17.5,1.6017111576911933,0.57,-112.763,33.29156112670898,0.29,0.017,5.824999809265137,45.0,381.0,2.043628131223113
17.5,1.6110214127976499,1.0,-112.763,33.29156112670898,0.29,0.017,5.824999809265137,45.0,381.0,2.045191697593624
17.5,1.6182038872485416,0.53,-112.763,33.29156112670898,0.29,0.017,5.824999809265137,45.0,381.0,2.043281014061527
17.5,1.6308163424987057,0.5,-112.763,33.29156112670898,0.29,0.017,5.824999809265137,45.0,381.0,2.0521084436027643
28.70000076293945,1.515541165530909,1.4194862591900002,52.5875,40.29982376098633,0.152,0.012,18.35833358764648,2.0,190.0,1.4735732651134856
28.70000076293945,1.4433639745520415,1.4211279462200002,52.5875,40.29982376098633,0.152,0.012,18.35833358764648,2.0,190.0,1.3141142378750281
28.70000076293945,1.394989884907181,1.4124112225100007,52.5875,40.29982376098633,0.152,0.012,18.35833358764648,2.0,190.0,1.2604493041443117
28.70000076293945,1.352972272529488,1.4208409780100006,52.5875,40.29982376098633,0.152,0.012,18.35833358764648,2.0,190.0,1.2205536276740663
28.70000076293945,1.3262742218526737,1.4080509291100003,52.5875,40.29982376098633,0.152,0.012,18.35833358764648,2.0,190.0,1.204320475562248
28.70000076293945,1.283725552985671,1.4033698777699999,52.5875,40.29982376098633,0.152,0.012,18.35833358764648,2.0,190.0,1.1608230966434818
28.70000076293945,1.258269858343432,1.40430982887,52.5875,40.29982376098633,0.152,0.012,18.35833358764648,2.0,190.0,1.14201531234631
31.63333320617676,1.7334584649492086,1.383863081,89.2,26.11006927490234,0.502121546,0.0425,15.03333282470703,3.0,22.0,1.5045283296640455
31.63333320617676,1.7093629224199678,1.509046455,89.2,26.11006927490234,0.502121546,0.0425,15.03333282470703,3.0,22.0,1.5021863319530744
31.63333320617676,1.6748653207837114,1.518826406,89.2,26.11006927490234,0.502121546,0.0425,15.03333282470703,3.0,22.0,1.4947325526979207
31.63333320617676,1.6378200494896755,1.521760391,89.2,26.11006927490234,0.502121546,0.0425,15.03333282470703,3.0,22.0,1.4848497552946374
31.63333320617676,1.5949372526458243,1.51002445,89.2,26.11006927490234,0.500860295,0.0425,15.03333282470703,3.0,22.0,1.4711791282354945
31.63333320617676,1.5621917904575988,1.327139364,89.2,26.11006927490234,0.505376368,0.0445,15.03333282470703,3.0,22.0,1.460356259915757
31.63333320617676,1.5529393684049333,1.370171149,89.2,26.11006927490234,0.505376368,0.0445,15.03333282470703,3.0,22.0,1.458778014393656
31.63333320617676,1.5421043001318444,1.451344743,89.2,26.11006927490234,0.505376368,0.0445,15.03333282470703,3.0,22.0,1.456118372889432
31.63333320617676,1.5259769362138722,1.478728606,89.2,26.11006927490234,0.504624761,0.0445,15.03333282470703,3.0,22.0,1.4506169461192684
28.98333358764648,1.4735732651134856,1.285085575,90.5,28.17901229858398,0.394136142,0.032,12.41666698455811,2.0,28.0,1.5658882953708806
28.98333358764648,1.5088206547318808,1.436674817,90.5,28.17901229858398,0.394136142,0.032,12.41666698455811,2.0,28.0,1.5654686751589462
28.98333358764648,1.4892157251895775,1.505134474,90.5,28.17901229858398,0.394136142,0.032,12.41666698455811,2.0,28.0,1.56329013159189
28.98333358764648,1.46742053747341,1.51198044,90.5,28.17901229858398,0.394136142,0.032,12.41666698455811,2.0,28.0,1.5603039249758348
28.98333358764648,1.4592729310857488,1.474816626,90.5,28.17901229858398,0.391626498,0.032,12.41666698455811,2.0,28.0,1.5578744446223671
28.98333358764648,1.4383108214593177,1.340831296,90.5,28.17901229858398,0.398639357,0.033,12.41666698455811,2.0,28.0,1.5538677629920954
28.98333358764648,1.4450410710811636,1.407334963,90.5,28.17901229858398,0.398639357,0.033,12.41666698455811,2.0,28.0,1.552666970111747
28.98333358764648,1.4474073725999317,1.474816626,90.5,28.17901229858398,0.398639357,0.033,12.41666698455811,2.0,28.0,1.551137737579326
28.98333358764648,1.4473796680157414,1.445476773,90.5,28.17901229858398,0.396129713,0.033,12.41666698455811,2.0,28.0,1.549375369677002
28.29999923706055,1.4735732651134856,1.512,116.9283,26.8104362487793,0.21,0.0096,18.5041675567627,180.0,1766.0,1.4727756392683982
28.29999923706055,0.7694722790545798,1.458,116.9283,26.8104362487793,0.21,0.0096,18.5041675567627,180.0,1766.0,1.384812867626353
28.29999923706055,0.6772670039819318,1.485,116.9283,26.8104362487793,0.21,0.0096,18.5041675567627,180.0,1766.0,1.3323448432857812
28.29999923706055,0.6632376737416885,1.458,116.9283,26.8104362487793,0.21,0.0096,18.5041675567627,180.0,1766.0,1.2928340010488466
28.29999923706055,0.6332427707199713,1.539,116.9283,26.8104362487793,0.21,0.0096,18.5041675567627,180.0,1766.0,1.251803956711176
28.29999923706055,0.5464182965845091,1.377,116.9283,26.8104362487793,0.21,0.0096,18.5041675567627,180.0,1766.0,1.194828555170977
28.29999923706055,0.5072231399159783,1.539,116.9283,26.8104362487793,0.259,0.0065,18.5041675567627,180.0,1766.0,2.0604382847267617
28.29999923706055,0.499316218941128,1.485,116.9283,26.8104362487793,0.259,0.0065,18.5041675567627,180.0,1766.0,2.0082940746425813
28.29999923706055,0.5607141197003398,1.323,116.9283,26.8104362487793,0.259,0.0065,18.5041675567627,180.0,1766.0,1.9784066762404393
28.29999923706055,0.5292156838089439,1.404,116.9283,26.8104362487793,0.259,0.0065,18.5041675567627,180.0,1766.0,1.925901315166074
28.29999923706055,0.5010413609834171,1.539,116.9283,26.8104362487793,0.259,0.0065,18.5041675567627,180.0,1766.0,1.8757071039178996
28.29999923706055,0.47646144370092647,1.539,116.9283,26.8104362487793,0.259,0.0065,18.5041675567627,180.0,1766.0,1.8280035396229177
28.29999923706055,0.45464644422417144,1.485,116.9283,26.8104362487793,0.259,0.0079,18.5041675567627,180.0,1766.0,1.782583064925145
28.29999923706055,0.4569036836277404,1.431,116.9283,26.8104362487793,0.259,0.0079,18.5041675567627,180.0,1766.0,1.747546976572415
28.29999923706055,0.4562575406745704,1.458,116.9283,26.8104362487793,0.259,0.0079,18.5041675567627,180.0,1766.0,1.7133276229607777
28.29999923706055,0.4667717157105115,1.458,116.9283,26.8104362487793,0.259,0.0079,18.5041675567627,180.0,1766.0,1.6854085644553636
28.29999923706055,0.4415569567750096,1.35,116.9283,26.8104362487793,0.259,0.0079,18.5041675567627,180.0,1766.0,1.6442263706891542
28.29999923706055,0.4373256503248712,1.377,116.9283,26.8104362487793,0.259,0.0079,18.5041675567627,180.0,1766.0,1.6130353236155777
28.29999923706055,0.4285158191275911,1.485,116.9283,26.8104362487793,0.219,0.0063,18.5041675567627,180.0,1766.0,1.5810568363289341
28.29999923706055,0.4464960629290199,1.431,116.9283,26.8104362487793,0.219,0.0063,18.5041675567627,180.0,1766.0,1.5626164609528232
28.29999923706055,0.46146520155110676,1.296,116.9283,26.8104362487793,0.219,0.0063,18.5041675567627,180.0,1766.0,1.5443944498855509
28.29999923706055,0.4585273373128031,1.377,116.9283,26.8104362487793,0.219,0.0063,18.5041675567627,180.0,1766.0,1.518893066294948
28.29999923706055,0.445584758963469,1.485,116.9283,26.8104362487793,0.219,0.0063,18.5041675567627,180.0,1766.0,1.4893703482293648
28.29999923706055,0.44167527264218237,1.431,116.9283,26.8104362487793,0.219,0.0063,18.5041675567627,180.0,1766.0,1.465165810761774
21.58333396911621,1.6782649533116578,1.29,107.88,28.72866058349609,0.722,0.00275,9.979166984558105,18.0,597.0,1.4165992385405226
21.58333396911621,1.6468803858298051,1.23,107.88,28.72866058349609,0.719,0.0016,9.979166984558105,18.0,597.0,1.4039676609291702
21.58333396911621,1.6204815112219029,1.22,107.88,28.72866058349609,0.731,0.00145,9.979166984558105,18.0,597.0,1.3934085136888874
28.16666603088379,1.2418489160030555,1.4,99.26667,60.9410400390625,0.24,0.0235,26.51250076293945,16.0,1012.0,1.1508868239678254
28.16666603088379,1.2361175033032323,1.4,99.26667,60.9410400390625,0.24,0.0235,26.51250076293945,16.0,1012.0,1.148247976778727
28.16666603088379,1.2280762032952235,1.4,99.26667,60.9410400390625,0.24,0.0235,26.51250076293945,16.0,1012.0,1.1426286040095208
28.16666603088379,1.2181438201852228,1.4,99.26667,60.9410400390625,0.24,0.0235,26.51250076293945,16.0,1012.0,1.1346011403514245
9.066666603088379,2.6713215274731277,0.99,91.97464,40.41439056396484,0.677,0.0043,-0.4208332300186157,9.0,425.0,1.3784484046603755
9.066666603088379,2.619550101494691,1.31,91.97464,40.41439056396484,0.6,0.0018,-0.4208332300186157,9.0,425.0,1.5466505865824454
