AnnualMeanTemperature,PrecipitationofWarmestQuarter,Longitude,SamplingTimeClass,MeanTemperatureofWarmestQuarter,ContainsCereals,MeanDiurnalRange,SoilOrganicCarbon,BulkDensity,PrecipitationofWettestMonth,Isothermality,CropClass,MeanTemperatureofWettestQuarter
0.013977290213836917,0.004225695204185191,0.1049201802606439,-0.045975913478314596,0.0997957584781373,-0.07947537375905346,-0.2613072437367556,0.13248219312276804,0.3201679682983252,-0.021099369488228256,0.03291873403103315,0.028838504285456045,0.0040103214950201254
0.013319187055622005,0.009160932503683796,0.10403178616635163,-0.013360291730041938,0.09224888129148266,0.022739608876519966,-0.24657076568797978,0.11777965736139336,0.2569973486097306,-0.016940224161716148,0.03656490063971147,0.04093325382813501,0.012424972178914305
0.015519072609001787,0.0037238817826385166,0.06275117955943778,-0.08199789760579923,0.10063262442967569,-0.09952872443553268,-0.2901469175777557,-0.00123210220047134,0.06307481224124602,-0.027992441134760224,0.008068634439421853,0.016959230524960525,0.004423016926713775
-0.003564751299843657,0.09648743891959934,0.1541635977669244,-0.0654834578564558,-0.03229079603590926,0.1140727524008518,-0.037686770628388405,0.15660601980337271,-0.03183794213196785,0.04254323452458274,-0.02043046692393431,0.05770367118368617,0.06969714605013555
-0.009772407865724312,0.08548356296650146,0.15271529248942184,-0.07305651569357942,-0.026847407129334463,0.09950558351982486,-0.051407108088571817,0.17054055529501883,-0.14099217378031523,0.03896983395343717,-0.02385894781485109,-0.021618399567584226,0.05621778937050162
-0.009737846620838847,0.08548356296650146,0.15271529248942184,-0.07459958467598657,-0.026847407129334463,0.09964455220829896,-0.051407108088571817,0.17054055529501883,-0.14099217378031523,0.03896983395343717,-0.02385894781485109,-0.020248860518536634,0.05621778937050162
-0.009737846620838847,0.08548356296650146,0.15434343349663712,0.005934641440222014,-0.020492584090515856,0.09964455220829896,-0.051407108088571817,0.16950136610215744,-0.13663869012170346,0.03790023617381787,-0.024698571316527886,-0.010200424088113502,0.058062103880145675
-0.014066281492218658,0.08131763775818684,0.1451730033360043,0.07437862642213545,-0.028325249801450084,0.11721511362626393,-0.03510997716007466,0.1911373093518809,-0.04808613905085119,0.0389882016224618,-0.02957029628543048,-0.027503666959931568,0.06311351831756791
-0.014066281492218658,0.08131763775818684,0.14759138878576736,0.11338774227151764,-0.026237894936031878,0.10100823733496346,-0.030070352798477133,0.1919446468863196,-0.03819428894569405,0.039656009215437375,-0.029889505902769564,-0.017707089478029923,0.06193868095119436
-0.013507561694844513,0.08196718141855218,0.14405018576559855,0.07977635048791203,-0.027513461821386826,0.10417900861509237,-0.027999632103585685,0.18737772028622315,0.006566521807309259,0.037246499751475044,-0.02992788906931025,-0.014512524277237622,0.06270748348237218
-0.012025898923357797,0.08140173861183823,0.14609447544187668,0.11338774227151764,-0.02548782975796658,0.10100823733496346,-0.029018080169633892,0.18382768910440933,-0.021624625080367138,0.0401238821707817,-0.029889505902769564,-0.01665953261546615,0.06250177305693444
-0.013507561694844513,0.07784355358936877,0.14677108173075729,0.12630015043933138,-0.02542610695596862,0.10102641240652747,-0.02368699641823442,0.17714024023987765,0.005782016451226678,0.037247691508904716,-0.03024709868664933,-0.012366954323065008,0.06143153705093156
-0.012025898923357797,0.07727811078265483,0.14720763871781686,0.08665188081495952,-0.025518288059670383,0.101247647687482,-0.029018080169633892,0.17434796295119995,-0.022761226071654816,0.040138535488161764,-0.029889505902769564,-0.0157776809135934,0.06250177305693444
-0.09014403732338729,0.08595349745085928,0.11806219747709051,0.1372781577922047,-0.025570663071071257,0.08747402482581654,-0.19680505938757584,0.1525066227208784,-0.04782078973743883,0.009263488728196241,-0.0778642846138223,0.058300377567945476,-0.0020077147602800553
-0.08400312902119354,0.08597175060360902,0.12341593785348708,0.13508100342262894,-0.03086478860416993,0.0657093543674855,-0.19394222390974056,0.13500249327264405,0.0006256249685867362,0.005225688232957771,-0.0750667358166501,0.030947955076168036,-0.0035603666195669083
0.03459667276281508,0.0706495211059465,0.14910646949101553,0.09931227770940805,0.05190398710602781,0.09711309138010346,0.10462216234731224,0.05208517514121972,-0.000984896083280361,-0.008154307472221177,0.07267242300754234,-0.015287036989257527,0.017219233986412223
0.03275763869314411,0.06913399326133426,0.14557354913377643,0.09433818832260395,0.05003299742500764,0.09990765002952282,0.111727086182464,0.01196218967128137,-0.047108684677419105,-0.01006424806396261,0.07181830652909782,-0.016513372167326176,0.015556740856693754
0.03315590690610826,0.07036171137367321,0.1429238310634255,0.09112091368744181,0.05188938173242163,0.09745643232946279,0.11203267428738607,0.00810554479336581,0.008328369482924891,-0.00867008041010762,0.07279827728195777,-0.0122779511244701,0.018167968960323987
0.033721189345381035,0.06927788883250949,0.1495756627661116,0.09436210237721156,0.05132222894725576,0.09948052236220321,0.10714704583074762,0.06358240226389579,-0.04166438313522597,-0.008974860310568065,0.07243924127824795,-0.016729080922734396,0.016358882639579388
0.033721189345381035,0.06927788883250949,0.14993619674408967,0.09462804940385834,0.05162741671573074,0.09434797335446797,0.10608913907575883,0.06032781446269212,-0.0441552477422866,-0.008974860310568065,0.07181830652909782,-0.01580102683302052,0.016358882639579388
0.028876648916619015,0.07041292776383293,0.15560603210398738,0.10054881994697033,0.05201809623689633,0.0865399758497752,0.07935080161224424,0.12000136238926266,0.011623520589688465,-0.0025356687838844092,0.07314186139690729,-0.013217345455441199,0.019024763495021885
0.028876648916619015,0.07041292776383293,0.15560603210398738,0.09927654137870763,0.05201809623689633,0.08600384913073021,0.07935080161224424,0.12000136238926266,0.008302249278779341,-0.0025356687838844092,0.07314186139690729,-0.013717548294976862,0.0187315287474087
-0.0016332855022831623,0.007530370423210943,0.15469525823800034,0.014290335248126809,-0.026172510315983003,-0.027652869112141175,0.06384536639303445,0.02549646720767779,0.07518061099046058,-0.02128239657651482,-0.0698483341189568,0.003613581554987114,-0.027858043811669
-0.008763696980652914,-0.00020937966989031348,0.11121881180480289,0.0300736719182581,-0.02563704619964716,0.0667904834382563,0.050024972458825735,-0.11378518997559273,-0.025623333227709644,-0.02295111561336847,-0.051473606774117754,-0.00833639756217843,-0.03795039643545508
-0.00215779918677237,0.007757482429971179,0.12098960874500403,0.023918978438082206,-0.019164215419815837,0.06699931129152402,0.06520465889879189,-0.0421041307851641,0.06058811776924059,-0.023559456045334784,-0.042535599608292056,-0.010610407679791033,-0.02923061932613498
-0.0018988608281216492,0.00845440999846021,0.15469525823800034,0.013438128637280729,-0.028575461691561003,-0.08322065682357212,0.0641809806612312,0.022886835033365204,0.07388824299044952,-0.02128239657651482,-0.06980677004834111,0.004102680795939952,-0.029182399721707074
-0.008763696980652914,-0.00020937966989031348,0.11121881180480289,0.0300736719182581,-0.02563704619964716,0.0667904834382563,0.050024972458825735,-0.11378518997559273,-0.025623333227709644,-0.02295111561336847,-0.051473606774117754,-0.00833639756217843,-0.03795039643545508
-0.00215779918677237,0.007757482429971179,0.12098960874500403,0.023918978438082206,-0.019164215419815837,0.06699931129152402,0.06520465889879189,-0.0421041307851641,0.06058811776924059,-0.02400778311475367,-0.042535599608292056,-0.016534048320410773,-0.02923061932613498
-0.000667832260350665,0.00858392882408451,0.15469525823800034,0.048172316414228734,-0.024766838686796414,-0.056343274487181245,0.06216684836963949,0.022901285788676947,0.07401808875975552,-0.021357561402526707,-0.0709678590394218,0.004102680795939952,-0.02856237964559379
-0.008763696980652914,-0.00020937966989031348,0.11121881180480289,0.0300736719182581,-0.02563704619964716,0.0667904834382563,0.050024972458825735,-0.11378518997559273,-0.025623333227709644,-0.02295111561336847,-0.051473606774117754,-0.00833639756217843,-0.03795039643545508
-0.00215779918677237,0.007757482429971179,0.12098960874500403,0.023918978438082206,-0.019164215419815837,0.06699931129152402,0.06520465889879189,-0.0421041307851641,0.06058811776924059,-0.02400778311475367,-0.042535599608292056,-0.016534048320410773,-0.02923061932613498
0.03750691580445217,-0.08452773790907014,0.05985922671824385,0.1124246873852612,0.06340763012474504,0.07799577355669741,-0.2320195770882758,-0.08563671450327394,0.0048655951696281495,-0.0032776145975606167,0.02215579585118707,0.0005133812584211211,0.010972722221414785
0.03674333981264271,-0.08634186769601222,0.05924544235689536,0.10776574277759496,0.06259584214468177,0.075293614932535,-0.24340102014847403,-0.09583538712413045,-0.06850363658540622,-0.0064154479152595326,0.021016590172244252,-0.005802870763876164,0.00935554181728966
0.03465638486352538,-0.06870210469865407,0.12861722953398663,0.10218557571677532,0.06565500225140919,0.07572777867846082,0.10825921286551039,0.1910892667139203,0.01895783211529175,-0.005562906192057248,0.05648001120493989,0.03812405490561451,0.02625192980758261
0.03369392478478099,-0.05850270145945214,0.12965083398306096,0.1067414641862141,0.06616710380565353,0.07670643564045283,0.12264258843431586,0.20312509610292098,-0.0667296545092659,-0.0067074157833399055,0.05595271031786357,0.03392588898338686,0.02800561423898793
0.016294301039411842,-0.08660417557859988,0.17081195401923072,0.11720112979739765,-0.04528644513619566,0.05301889456904538,-0.204902450042389,0.13386584160580264,0.024815552952687364,0.0002314886997488991,-0.002477428871753707,-0.04212428271464308,-0.060364142480996946
0.010454558991249975,-0.07115979076742868,0.14016348178302013,0.11231921913440925,-0.03855553112067717,0.0826961326453306,-0.23597128761301236,-0.08535144179659895,-0.083485740585402,0.00920576440246346,0.009114085617795233,-0.030705865391881408,-0.04945574447747732
0.010922728874241125,-0.08514540791433974,0.13800871540912457,0.12947975144258356,-0.038637499345647114,0.0843727480678413,-0.23659910328149747,-0.031999935794251255,-0.09684199895763333,0.006733687388771492,-0.0006977358211617969,-0.026644215278038577,-0.0494885633679661
0.011155707332535398,-0.06810255490244883,0.14016348178302013,0.11236661231344856,-0.0410650211512964,0.08214873548547906,-0.23182560081441456,-0.0909699255239997,-0.09237175749257237,0.00933509190928613,0.009203223989298903,-0.027860147088783326,-0.04918953629521862
0.016294301039411842,-0.08660417557859988,0.17081195401923072,0.11720112979739765,-0.04528644513619566,0.05301889456904538,-0.204902450042389,0.13386584160580264,0.024815552952687364,0.0002314886997488991,-0.002477428871753707,-0.04212428271464308,-0.060364142480996946
0.010454558991249975,-0.0707560861617131,0.14016348178302013,0.11231921913440925,-0.03855553112067717,0.08338559536451366,-0.23597128761301236,-0.08535144179659895,-0.08253080149771201,0.00920576440246346,0.009114085617795233,-0.027639709123413764,-0.0492672376939065
0.010922728874241125,-0.08474170330862416,0.13800871540912457,0.12947975144258356,-0.038637499345647114,0.08506221078702436,-0.23659910328149747,-0.031999935794251255,-0.09588705986994335,0.006733687388771492,-0.0006977358211617969,-0.023578059009570933,-0.049300056584395284
0.011289464929347777,-0.06769885029673325,0.14016348178302013,0.1128898368534602,-0.0410650211512964,0.08335598318019127,-0.23182560081441456,-0.0909699255239997,-0.09141681840488239,0.008886764839867244,0.009203223989298903,-0.027281798889469074,-0.0490010295116478
0.014569381526256047,-0.0764979641790139,0.11174622596706833,0.16439005286960484,0.05127391910752489,0.05785905191250134,-0.26790337153403215,0.13847740976893358,0.1787179335232955,0.02749669292793953,0.0202179985520524,-0.07806242065908137,0.009647900706126531
0.029639348852163586,-0.05875060607843633,0.058231263983962535,0.1748105031369585,0.06072028484341191,0.09525732356233779,-0.2634491174712604,-0.08679062064756432,-0.09269346801453375,0.0515743955683135,0.0033745187378997755,0.030728034147178646,0.01562863092350707
0.029955149298267023,-0.08121579505127897,0.05937810783247894,0.16002002867172788,0.056336159354432605,0.09834910636652075,-0.29441380503737596,-0.08663491073455308,-0.05078595488346977,0.059863661032042145,0.0018546559479844151,-0.04929869050950283,0.012441658683555686
0.030839969507236803,-0.05885889447343302,0.06690422028121056,0.177488923081042,0.060042848335355864,0.09112825122981312,-0.27386876687202943,-0.028764887704133643,-0.08870311291758841,0.04787070682513185,0.012767540036747647,-0.03215480193574867,0.017262673296890827
0.014569381526256047,-0.0764979641790139,0.11174622596706833,0.16439005286960484,0.05127391910752489,0.05785905191250134,-0.26790337153403215,0.13847740976893358,0.1787179335232955,0.02749669292793953,0.0202179985520524,-0.07806242065908137,0.009647900706126531
0.029639348852163586,-0.059053086663769176,0.05378297710434201,0.14263570252636845,0.05994841702745875,0.09383477428866767,-0.2753122969742979,-0.09142948807576935,-0.09314520626843924,0.05127787568513326,0.0033745187378997755,-0.02202031484830669,0.01562863092350707
0.029955149298267023,-0.08285298296876681,0.0549298209528584,0.13979559441812292,0.056336159354432605,0.09636244887427022,-0.29065063504000294,-0.08784469875479807,-0.05108104801749494,0.059752106252096884,0.0018546559479844151,-0.03130344895840889,0.012441658683555686
0.030032554032744144,-0.059053086663769176,0.059336045772555,0.15133446407764534,0.06049672433253936,0.09675310723033749,-0.26050770701755466,-0.030095515884663165,-0.09029655882419915,0.05117572506328627,0.012363713897912534,0.019920622884413715,0.015169585646546172
0.016656268709353356,-0.07493600477918172,0.16590460396355897,0.14952525507368683,-0.039735698717243195,0.09041076043064432,-0.1759301547924444,0.1559035093235601,-0.09012699299833965,0.007739258819178076,-0.0012759064849082117,0.03252312775930424,-0.04362709311741804
0.009777276730192274,-0.06782181725129993,0.1365399301472019,0.11880010978130101,-0.04487990599632967,0.0899883453337687,-0.21139602405268842,-0.08814405790641629,-0.09519388657187398,0.009608708109823002,0.0095343873542377,0.029178456098889128,-0.04329557446141401
0.007531995231492107,-0.08155319543530812,0.13150775394953904,0.12774889174415408,-0.042294719977125916,0.0907118154456095,-0.2234755552356746,-0.09670938940724032,-0.1007868437631834,0.008026374544260048,0.0009764865192044845,0.005153368053885454,-0.0505283824212859
0.01630816370516244,-0.0688813939339057,0.17436992001880586,0.1429301404878618,-0.04205192195279689,0.07250712447509176,-0.1888639995887164,0.1858936995781467,-0.08042277747890846,0.005472249043068365,0.028180673764376465,0.03653350208597271,-0.04947501892440462
0.016656268709353356,-0.07486477954341224,0.16702857218067205,0.14945655125915153,-0.03862449843750025,0.09216024489729063,-0.17735780538128282,0.15110434326546257,-0.0954928201106413,0.007739258819178076,0.0004926585332568816,0.02960031135164684,-0.042593732921221594
0.0102202891911481,-0.06782181725129993,0.13827336280512342,0.1297371602077817,-0.0418556841270985,0.10901610003527488,-0.20632033143933398,-0.08339842831188046,-0.0977777660694151,0.009943828562090954,0.010393618343717579,0.08460818075543118,-0.04195838582418284
0.007531995231492107,-0.0816005113972657,0.1274437975998086,0.11912471222038912,-0.04264352420926086,0.07285796551508736,-0.2234755552356746,-0.09732249428098853,-0.10119088672175548,0.007634118503152176,0.0008647184397510515,0.0009541783387778161,-0.05098742769824681
0.01630816370516244,-0.06892870989586328,0.1692004527463133,0.09421304410991159,-0.043282633511524705,0.055574424217645864,-0.18864210898505152,0.18456802474927408,-0.08203626430867055,0.005482272998944147,0.0273844529883824,0.03775126191012563,-0.04994006172596721
-0.01421835954131087,0.10506342570211155,0.15466787319654013,0.06109314657554126,-0.027410361997750505,-0.05673524639142589,-0.21472794379885182,0.017012722750446362,0.03402123401687812,0.02352428843153943,0.022818909265515747,0.03132737180191468,0.008540389585598858
-0.015415265479525358,0.09034937591529983,0.160774228540865,0.06800734279628748,-0.026818162943908323,-0.0471087537140214,-0.21791851316668367,0.015283981166049548,0.0632505445004333,0.017497425779926922,0.026490957353357526,0.015168130731446093,0.011929959809387984
-0.025262626748063424,0.1022857334483351,0.12342940585650063,0.06028127512764828,-0.03641525288789244,-0.025789404679081678,-0.23133524970689315,0.007377210061594433,-0.014922930003473403,0.015695686502172533,0.030663952776594477,-0.010624861959779715,0.013281642203399937
0.013449842764827465,0.07822496603503383,0.1139309219621284,0.033833881600631686,0.07685593550683115,0.0872534622445361,0.03785794497668223,0.12060778952148779,0.2558759166794297,-0.019188418702974174,0.04398759604559619,0.05467862396708274,0.01785783456536187
0.016627317695635614,0.06989060619891012,0.08907566916267219,-0.017921793700326625,0.08392526100258764,-0.06378099834863163,0.02344262851109606,-0.12589235667123963,0.06417675551519428,-0.03450703073848764,-0.0016440356601687175,0.023510996020077557,0.008294904907773655
0.009485769461085702,0.07107804104405932,0.09581700361659534,-0.013031852206972918,0.06791621372647792,-0.07032339784700962,0.025695037244427444,-0.055743638542344404,0.07434282907951294,-0.0344844881209144,0.00115078878572936,-0.15238650560892777,-0.014691348477781602
0.017271696213227425,0.08197793649247194,0.10356035169092415,0.03168065324930625,0.07720598682182928,0.09768138744506155,0.058468058025564984,0.03114558883943775,0.2576877112305731,-0.019070857004905968,0.04398759604559619,0.055967285238999416,0.017975396263430074
0.014773910733065112,0.07628439597382489,0.08090135952087692,-0.015483356147475211,0.06887212609331336,-0.08340443870272389,0.015317029045548526,-0.129405262119269,-0.03306955651878262,-0.03890484406007574,-0.0068411238724501566,-0.165667955868691,-0.006370807448588976
0.014168233602009991,0.07606717152983744,0.08090135952087692,-0.015436785189433004,0.07013284371962739,-0.0925000993987268,0.016682206875745544,-0.12933054215108536,-0.03137992173018699,-0.03896153414236378,-0.007536811747231194,-0.1677931298019762,-0.0036361414563649535
0.01359640145491693,0.07877113880565419,0.11768930162198,0.0433069618655641,0.07685391391376105,0.11122293643088342,0.038757791706953613,0.12081208958008448,0.2563937935395179,-0.018680957661105942,0.044214193494124636,0.054896564474857634,0.018873946683781402
0.008010796571409183,0.06529568844381803,0.09045365996867395,-0.016553505370471417,0.06941830815426286,-0.07245584668412716,0.011779448882442277,-0.12485675647369067,0.07301308301628358,-0.034603328980988564,-1.3176866457651935e-05,-0.1536076555223958,-0.004259421014231102
0.009002786877688873,0.0718745843796721,0.09587645306665168,-0.011952767135133652,0.06928096386353662,-0.06579703117891826,0.02706021507462446,-0.055824967340277705,0.07474198820252788,-0.034538224031548756,-2.3945863983546695e-05,-0.15414839860858195,-0.00855726769191215
0.017271696213227425,0.082155396695587,0.10731873135077574,0.039635725765485276,0.07732192254727091,0.11766970825073074,0.058468058025564984,0.031349888898034424,0.2579756345832074,-0.018680957661105942,0.0444015357694818,0.05412298503810672,0.015601319432983882
0.014433808927848478,0.07744625963368185,0.08090135952087692,-0.014584578578586924,0.07013284371962739,-0.05914732891059417,0.016682206875745544,-0.12933054215108536,-0.03137992173018699,-0.03896153414236378,-0.007536811747231194,-0.16796692839302083,-0.008031331554874309
0.013570148613252135,0.07877113880565419,0.11767386132635992,0.043280277129714335,0.07685391391376105,0.11091746742266069,0.038757791706953613,0.12079332779816133,0.25659009787115816,-0.018484653329465684,0.044214193494124636,0.054896564474857634,0.018873946683781402
0.010795201657420976,0.0684085964373209,0.08619339420398849,-0.017764554778555354,0.08518597862890166,-0.06609018339938812,0.01870753960215884,-0.12626523411100296,0.06658256719454786,-0.03507904710700348,-0.002859939894539608,0.02305158553783149,0.009030994949434526
0.017392002061652097,0.08303119695997373,0.10884036795940571,0.04180525861979256,0.07720396522875918,0.12137255297019175,0.0669952742962357,0.028857007317348735,0.25896488682470414,-0.016503730528076393,0.044214193494124636,0.07501222795250094,0.0187563849857132
0.01138303042772862,0.06817422630314215,0.08887708638971434,0.017765834128286074,0.08932184087302664,-0.053011542509983606,0.01329832583041103,-0.12654563603343302,0.07414713500628466,-0.035346477047168846,-0.0024873219496450334,-0.003703823865485582,0.007895419450952311
0.008737211551850387,0.0718745843796721,0.10140505462924904,0.02449868302241334,0.07156109395342188,-0.07720674048245614,0.026301607623535898,-0.05632862088788725,0.07460786035319474,-0.034833567986735446,-0.0005669886501297201,-0.15478065616391729,-0.0030341012330499066
0.011563447546791044,0.07443343961031308,0.09520195976540993,-0.0141982388990661,0.08694307238545915,-0.07518478909918169,0.02951042814169391,-0.05601904218368486,0.07674851792399225,-0.0329621585457555,-0.002099311783848753,-0.02260231974101404,0.012485044736359035
0.017392002061652097,0.08303119695997373,0.1141984339649473,0.07507792085686786,0.07895295916660665,0.1181231510928901,0.0663017717945869,0.028353353769739187,0.25845872467597836,-0.016733969533823275,0.0435006151509227,0.07520924577294104,0.018488486291737462
0.017274892132490942,0.07910121287108202,0.0793247859419173,0.018686376590811942,0.09024717224573618,-0.09436430438056463,0.017833709397958596,-0.13110859243432302,-0.029877675627936175,-0.03976978715798387,-0.00994579219841502,-0.017616560219592448,0.018789826801708657
-0.017107702132335603,0.07413330476584686,0.12336435045157956,0.06607301795426211,-0.051560348217664254,-0.06262452469601408,-0.23364226297428545,-0.11293290345161809,-0.02850986859119214,-0.01675762265560856,-0.09252305148399288,-0.0024651321555432776,0.03567631548680108
-0.021053942999304964,0.07386896207267868,0.12372230031347009,0.06796803170680106,-0.05265556809139974,-0.10417194319768965,-0.22988580713453494,-0.11410337162003445,-0.01376230268339831,-0.019808385228758663,-0.09190585401089839,-0.022629802256930568,0.03552575236158416
-0.021315919905869164,0.07321777377993502,0.13107506372822,0.06976165051006869,-0.052370210590213455,-0.09012858018837784,-0.22438310373093456,-0.1111225088076756,-0.014643922879672587,-0.017893112076232696,-0.09284164488276833,-0.04154239856808412,0.034842294345241775
-0.12307650586757522,0.04265288935722772,0.08091250655397177,-0.07458577874136073,-0.0625044075870738,0.040272104481032946,-0.29722026083819403,-0.00831366133728111,-0.15616568318874924,-0.037923466487787445,-0.09321506177859239,-0.03292524583564267,0.016567312933151872
-0.12307650586757522,0.04265288935722772,0.08091250655397177,-0.07458577874136073,-0.0625044075870738,0.040272104481032946,-0.29722026083819403,-0.00831366133728111,-0.15616568318874924,-0.037923466487787445,-0.09321506177859239,-0.03292524583564267,0.016567312933151872
-0.12100487196526585,0.041526680541656126,0.07466061917062124,-0.06795654714789941,-0.05990546290320463,0.05327185803784351,-0.30449215662352846,-0.05448058037042659,-0.16462293258644267,-0.03987862612576376,-0.09321506177859239,-0.04009443030837184,0.016703043952229647
-0.11536797379238298,0.04108730320335513,0.09820083557417822,-0.07398369470087475,-0.05238859962778782,0.04081079368437842,-0.2825223599948677,0.07905293063237874,-0.15404609372615283,-0.0386638874854818,-0.08932073603482445,-0.050993092501781884,0.018929849216831097
0.030333320742670523,0.014517204455765334,0.2556482994028914,0.09519456738980576,0.08968088044935132,0.12407874753772019,0.18552585133113736,-0.022408842885420083,0.018157977348612526,-0.0046748467312556635,0.07417688462813303,-0.03329232985932682,0.07054125272573625
0.012269621725694985,0.034586070247820885,-0.3083464902067654,0.11310099501765739,0.2240979491837749,0.10171746337029433,0.05693837410410389,0.10397908641564843,-0.03191211548432973,0.09123665770798507,0.026150406461648058,0.060038648028121054,0.04388689329473303
0.0175033018964657,0.022352943373777284,-0.3720022831297609,0.05407360765953502,0.10815200902842424,0.09494691717576366,0.02669857881152274,0.048187267526125586,-0.020672091215498872,-0.005060391642144424,0.009649373650008678,0.047367718548484185,-0.07607263086614453
0.017677924869174775,0.0228983490593962,-0.3720022831297609,0.05475089935070581,0.10806184437717914,0.09166222711082361,0.04254199412780666,0.04580571321838662,-0.019332460236393283,-0.005165102486166768,0.010086188269659867,0.03353230760292615,-0.07673677258065609
0.015358016111196448,0.021150544413226578,-0.35656193827628246,0.05399329657937082,0.10805069945496203,0.08560345638891297,0.04110938705642955,0.047710041251824084,-0.03912630554047399,-0.004282034766311833,0.007950539667703215,-0.022160006516570043,-0.08090389737546107
0.013620254088382392,0.025486544953168714,-0.3613590500975564,0.05686106624364559,0.11517824691729724,0.0885787128495131,0.03610326338025326,0.046362983180736166,-0.02327126673196639,-0.004023584968997855,0.015097648146212731,-0.07707883109431629,-0.06975334842845889
0.014546859332462424,0.021431607565890017,-0.3620939114014667,0.056069417491840745,0.1128108298177166,0.08852439142019647,0.024736816864577446,0.04659820261440587,-0.02187491542754249,-0.004522317975626008,0.013390516305594072,-0.04621899140761487,-0.07349963561591538
0.014546859332462424,0.021431607565890017,-0.3613590500975564,0.056069417491840745,0.1128108298177166,0.08852439142019647,0.024736816864577446,0.04659820261440587,-0.02407949933927339,-0.003787456671715707,0.014125377609504376,-0.04621899140761487,-0.07349963561591538
0.013596481765298969,0.021127535593416034,-0.3721511454117642,0.05529903983551074,0.11040098768355787,0.049001318990579724,0.023381437476140368,0.04951729267739894,-0.03996762001672425,-0.004930477472095955,0.012804566055909971,-0.05556764892702093,-0.07332197666127366
0.0150229651892522,0.020433970990193572,-0.3735212775995041,0.04907056554954459,0.10497888088252738,0.040993439469138714,0.030962044656336833,0.05517498273631292,-0.04095429005378753,-0.004485030497585168,0.007369881504929381,0.05457614592760918,-0.07705361614616929
0.0150229651892522,0.019167444932570134,-0.36396742175139385,0.04907056554954459,0.10497888088252738,0.034489886348974395,0.02994868537726563,0.05517498273631292,-0.04172470744503886,-0.004485030497585168,0.007369881504929381,0.05457614592760918,-0.07705361614616929
0.0150229651892522,0.019079381992844546,-0.36296303294326326,0.04907056554954459,0.10497888088252738,0.034489886348974395,0.01971493852104917,0.05234204579625449,-0.04065144780081635,-0.005997003350540555,0.007369881504929381,0.033607917009592925,-0.07705361614616929
0.015475802728350552,0.01962478767846347,-0.36335972956933454,0.04548386768119533,0.1045313123958836,0.017985426250469692,0.03244254453118159,0.05007801996940947,-0.05154606178293855,-0.006101714194562901,0.006589278583920156,0.01802562487299899,-0.07777263963161772
0.01417676401232081,0.019579946383129158,-0.3613359030874467,0.049254857894923704,0.10512320611789554,0.02089840434072075,0.03136801505388144,0.05186901903111023,-0.033305686735321985,-0.005179920560648924,0.009946531907222562,-0.020675612264507738,-0.07803430933392556
0.01417676401232081,0.019579946383129158,-0.3613359030874467,0.049254857894923704,0.10512320611789554,0.02089840434072075,0.03136801505388144,0.05186901903111023,-0.033305686735321985,-0.005179920560648924,0.009946531907222562,-0.020675612264507738,-0.07803430933392556
0.015475802728350552,0.02121120773902521,-0.3530105650577784,0.04529922925635362,0.1045313123958836,0.017893699417439415,0.03627593592955618,0.05256669124830705,-0.03954046258956059,-0.006101714194562901,0.006589278583920156,0.010409398505796568,-0.0773921900100923
0.014706254700554358,0.025923007751737587,-0.3784456360455817,-0.053687125084566134,0.10334629025408666,-0.0068020370968683505,0.03632854059425086,0.048032121770245906,-0.04341266460726654,-0.005179920560648924,0.002288277323600795,-0.03380172925969872,-0.07925827765702442
-0.09439207625614296,0.028410445112049675,-0.37918198191725333,-0.05661358526163322,-0.07247179447601414,0.03739644548821287,0.03343149469940769,-0.09121110049739187,-0.1538720378979009,-0.04185393421368953,-0.05501786824563089,0.009764032796637992,-0.026969714434415717
0.008015825958979955,0.07078295213495839,-0.1901418477270361,-0.03691220826658433,0.2025167793420233,0.01525578396808949,-0.1001455337963554,-0.024286519940290296,-0.01418166725527906,0.0008752012126526218,-0.009738881950705155,-0.19409481840833026,0.04813264377303802
0.01043254879478572,0.07414698881174803,-0.19369732115813984,-0.027693950016127716,0.28896527276716194,-0.006939128847322709,-0.08067368570410693,0.01729421773793447,0.03548820312113156,0.003728067895797155,0.03464724103218828,0.04393237258139694,0.0809821293261476
0.019712958895169587,-0.13380311466455028,0.05496059382493573,-0.08409463900747166,0.02445148054672376,0.016297085987538436,-0.3397492930574043,-0.05014903075877157,-0.022310952369298136,-0.00682947530913349,-0.005684936782298477,-0.005941268310604403,-0.06665268063614377
0.020619316468277308,-0.133355055157837,0.05268780488821646,-0.08185757324991037,0.024953060840706483,-0.0050659550356151085,-0.34000393982170324,-0.05061571117026696,-0.024077291136762526,-0.0066732807816180335,-0.007910564996651647,-0.013647975123433992,-0.06665268063614377
0.02309832700024705,-0.12202004835171688,0.059547553790844206,-0.07175936882685437,0.036859637454841936,-0.02753030975088578,-0.3327380868633702,-0.05135985576562193,-0.008355945757799844,-0.006932645175080738,-0.006788127736118661,0.023001580507149767,-0.05628534660014033
0.008837046320650655,0.06449481282532583,-0.229343473032054,-0.04838132034970157,0.2510025596912433,-0.04761678452442897,-0.09592905968665556,-0.01573041009305214,0.26507998421846296,-0.021543423279018994,-0.02298724413303895,-0.1414880775663708,5.543453523137239e-05
0.008268023302202623,0.06746254939322763,-0.2213470359459276,-0.06459711712696568,0.2693612849476514,-0.044870798157687436,-0.11717690493838767,-0.025315492478843023,0.012947886846291928,-0.039465284369481,0.003518542865708738,-0.10591931813118718,-0.005457727607696178
0.008623658004566844,0.06509458568099387,-0.22451263912228042,-0.05919580904349531,0.25890507212705516,-0.0291361754597036,-0.11910709523375589,-0.025008930402389627,0.016263457721225418,-0.04001499465190256,-0.0010811322476391395,-0.1822476864928472,-0.01051323456512573
0.008623658004566844,0.0655834547510028,-0.22451263912228042,-0.048956972407481675,0.25890507212705516,-0.028046790341363207,-0.12786016209077786,-0.02525670179435202,0.013208934937457839,-0.04001499465190256,-0.0010811322476391395,-0.18174012752379826,-0.01051323456512573
0.008244757840762782,0.06650786548254169,-0.21095113246733968,-0.045585557160328145,0.259056791154857,-0.030340282542983914,-0.1392843642658542,-0.025580436874740264,-0.022461074095440486,-0.04158701600238121,-0.009320917397943123,-0.2071184614924797,-0.016107650793781982
0.008142217924326664,0.0652743415967443,-0.21179262545640676,-0.05861149143501893,0.2582794646489861,-0.034861579613718365,-0.14132073435709241,-0.025574188105061853,-0.023194827661650215,-0.041618209908398394,-0.009320917397943123,-0.2075793448249066,-0.016711922730323747
-0.10366047742409816,0.06715305055131762,0.14100434108398857,-0.03577133972977508,-0.04340580148749364,-0.006320349241150943,-0.2732048840544274,0.1483468718228193,-0.16715842215971363,-0.022318703928201046,-0.10520300448812729,-0.0065323481001797,0.034223544225720895
-0.1018124242799106,0.07974110609180703,0.14583652693555238,-0.02999746636741756,-0.031188253023564858,-0.004462728479299071,-0.2632951035982255,0.14072379260095885,0.010502764526506194,-0.01415412313413199,-0.09018895372452482,0.035954988855863325,0.04858952199763495
-0.10366047742409816,0.06705092212254815,0.14124576489864468,-0.03577133972977508,-0.04340580148749364,-0.007308864584818703,-0.2763557790546977,0.14746528511544296,-0.16999526557137074,-0.022318703928201046,-0.10520300448812729,-0.020156850994166836,0.03412141579695143
-0.1030234798173488,0.07876020979102874,0.14628267114649954,-0.018638170239376462,-0.0335159051767808,0.0006675427913348758,-0.25091327112528683,0.14345191628047244,-0.025816024049359478,-0.017445584016429146,-0.09776152726729943,0.06562824279262174,0.04780799736734658
0.020252722363505362,0.014207469964167264,0.11947509341629543,-0.021697223833564896,0.05965222201526962,-0.032328663199820015,0.14246894437184196,-0.006760373069592713,0.08364570921069756,-0.007001424837120032,0.03008755733439091,0.0003260217836484583,0.08259395931868678
0.020235007365700622,0.013185099321591592,0.11914286923955648,-0.029751710838603253,0.05957744499683194,-0.03183187304399143,0.13934556808697288,-0.006701880654603548,0.0836534225615809,-0.006884276759018039,0.028263458629627203,0.0014207951997567447,0.08373164982013502
0.025283868383535187,0.008063371034388027,0.11152626700194802,-0.018885876524437878,0.05517798668773604,-0.02983515124536129,0.11885803745634597,-0.051480757045053636,-0.08372171072980183,-0.009835052535231703,0.04187866457488323,0.010739071188088709,0.09398386789412394
0.025283868383535187,0.008177221406055393,0.11152626700194802,-0.015781174890431543,0.055766502422374735,-0.02983515124536129,0.1295908405729678,-0.043628554376551734,-0.07839539814292465,-0.00958385646493274,0.04187866457488323,0.060324623861606655,0.09421883412273585
0.018196473101684194,0.014722104724051534,0.12839793506531733,-0.032062177558617136,0.05898206245032777,-0.03058747115198149,0.14192950654029238,-0.024159717102023436,0.1387323172115579,-0.006884276759018039,0.034709969151926784,0.008313671935956163,0.08024934091591784
0.0013202670517590072,0.1506272929957457,-0.4464349662083939,0.05242987520497594,-0.09126264301528537,-0.05265538377425006,0.10946351802408684,-0.007949424284293743,0.04649699421723199,0.014681905500066202,0.028400284994516693,0.02153606534016069,0.04504009577356771
-0.003124007014759018,0.15268276039605316,-0.44273917825356035,0.050264141732999895,-0.09170588251117974,-0.06571959813034564,0.13831958572780598,-0.01048686880578914,0.013237385941236076,0.005158650451010518,0.02710085069063494,0.018511031716558272,0.03410049276149561
-0.025971962035408323,0.09479596707804055,0.17918438121600133,0.0539533874029706,-0.008655739376764221,-0.029127821496650358,0.19582974692574565,0.08254685365139423,-0.040795392401160896,0.09481058094672058,-0.025564906569938456,-0.16097308410613123,-0.0027461290327737103
-0.025971962035408323,0.09293013349858728,0.17918438121600133,0.05182564142804079,-0.011318302468681698,-0.028615580354000587,0.19582974692574565,0.08254685365139423,-0.05332075911701827,0.09481058094672058,-0.025564906569938456,-0.16106566571699957,-0.0027461290327737103
-0.025971962035408323,0.09221167392149524,0.14878530035126647,0.05365943354955857,-0.010791672889590027,-0.002743276050436875,0.1948017859843851,0.08171201583246834,-0.060031312140845505,0.09481058094672058,-0.025564906569938456,-0.16161742516737887,-0.002428648262242272
-0.03336262107114004,0.10514951211476754,0.14621094915171437,0.04475105132553585,-0.012586178572911442,-0.007229378232717519,0.196417189609731,0.08057508610044824,-0.05712925611652976,0.0963596403787572,-0.015517395769439953,-0.10979387080051957,-0.0026977150198321405
-0.028829501123763177,0.1537531075136465,-0.3702437172235564,0.026983175088898373,-0.045311621024882585,0.05485636782420179,0.15539656457791673,0.07668649870505422,-0.11197620069044661,0.0861507730995702,0.05917417674624191,0.01633256849987295,-0.0033807688394547073
-0.025780476124035428,0.14957008983142617,-0.440188159674705,0.029202315210505092,-0.07106833082719131,-0.07450954381970705,0.14585916291122691,0.08552603493366882,-0.10710168470361944,0.0847067418707493,0.06512446885147521,0.004024822413879756,-0.005338557011051612
-0.026812619213311403,0.17092500117451914,-0.30913770872229396,0.052455320331707,-0.0278728007931359,0.0629626013009455,0.1538899047868458,0.013058499086620075,-0.011933647164504423,0.0844080314923232,0.06392758394075349,-0.033655169089920875,-0.004536087501543888
-0.02006856632069179,0.184204929409801,-0.31520091812230133,0.055181398809139116,-0.021536441727474976,0.0783915029740237,0.1476441519577286,0.0003043785160552745,0.03472159238600092,0.09292980585596577,0.06794321651850231,0.03552650755721562,-0.006366858259484134
0.010284836214230453,-0.13051386021173408,-0.5258604235846882,0.1625411313025244,-0.06685002530434023,0.08026381813884034,0.12253571801738071,0.00913259810777642,0.20877019258001997,0.038265501016809714,0.012344364720653443,0.06746444345859667,-0.01584952304851967
0.013140241575859515,-0.12702530804770323,-0.5316226217194894,0.15518866617616037,-0.06563978492678837,0.08029013791216821,0.12752070493928142,-0.005855665757044943,0.08997716183050987,0.07137250885585551,0.014249016472711769,0.07728501830191072,-0.017684889410301535
0.011785725337460114,-0.12876913791855765,-0.5727077349566041,0.12551588074633233,-0.06572462140269623,0.07045696709949384,0.10270758329822904,0.054043231574844704,0.07598023758996317,0.06802009800169488,0.014228844892836445,0.04402733871103077,-0.023465350217848836
0.010284836214230453,-0.13382768953590404,-0.5274725037086067,0.14483545992899025,-0.06713658513448613,0.04752720912781564,0.10955868783617283,0.00941913879200246,0.20607281036873992,0.038215703886314976,0.010993167733825073,0.06715833787431878,-0.016101219463864603
0.013090955334810665,-0.1274930298576066,-0.5137583919637169,0.10192711552165377,-0.054921123512393054,0.03396586739041761,0.11739005831270402,-0.010464663307528889,0.10417156509678595,0.07206568632909556,0.0106990553234306,0.0716668147210663,-0.016896124429180447
0.013983261193562328,-0.15526820506787486,-0.5762044336050968,-0.05345982456825829,-0.054365159722632464,0.04110603149454006,0.08028698534765716,0.04578712514023455,0.11715969276701618,0.06826742388501346,0.009294752084952567,0.08928979983538632,-0.021837545471012236
-0.1097440886791048,0.06843307127974979,0.1410959710575769,-0.046332495409148924,-0.03503462797980962,-0.042280022851521444,-0.12439823871086578,0.1489853037334346,-0.06682805545293186,-0.02528813943211242,-0.11115806291477011,0.04709234184123492,0.03607981145682825
0.015312083012347913,0.01932398593469238,0.10245126236439026,-0.015673610104256573,0.05848821650280811,-0.03272870434314342,-0.06596060392952265,0.04178536890097229,0.13776280881440903,-0.01885890577353167,-0.09200735658175786,0.03727928203139682,0.026735508229227312
0.012954522126544646,0.005642547201212544,0.07799595865857896,-0.025201115768415765,0.05680782738061278,-0.04339490095569356,-0.11669205983989475,0.053439266316965744,-0.0959023547106446,-0.02366519152792515,-0.095653470878148,0.05189157534062431,0.023128951590671912
0.015312083012347913,0.01932398593469238,0.10245126236439026,-0.019368372787093892,0.05848821650280811,-0.03272870434314342,-0.07010320434722582,0.025931688051959664,0.1367818141552972,-0.01885890577353167,-0.09200735658175786,0.03727928203139682,0.026735508229227312
0.012954522126544646,0.005900384794898613,0.07799595865857896,-0.028176962734559878,0.05680782738061278,-0.04170318535532069,-0.11974383013327253,0.04099130584179271,-0.0943124668148427,-0.02366519152792515,-0.095653470878148,0.05189157534062431,0.023128951590671912
0.011344229452336783,0.00998523959909887,0.07322938580540551,-0.01482332873828644,0.05952109798545663,-0.05011395624230461,-0.07171026489814704,-0.06801988918459222,0.003001825945046479,-0.023098217157604076,-0.08045181363992013,0.03514104921045909,0.02553271678330503
0.010669099602064625,0.006608593142499221,0.06880485587217759,-0.006709304518544265,0.05047563378421154,-0.0466999841067434,-0.11745058264468378,-0.06289947042074967,-0.09086311955933399,-0.024000469162669524,-0.0793757383383237,0.04197299012731211,0.01866625223558993
0.014518976662483266,0.011192357754191282,0.08391963681318318,-0.001962505262605847,0.054188255731537,-0.05232090924927731,-0.08051126665833616,-0.06367035546025301,0.06575773792445971,-0.019308881981971008,-0.06883865782953164,0.050668789525185554,0.02520847902233512
0.010820164688556174,0.006608593142499221,0.06881003491413101,-0.004073469985911525,0.05063550570019601,-0.0500909456429409,-0.12066863338441403,-0.06237302748472659,-0.09007532273481451,-0.024000469162669524,-0.0793757383383237,0.053330733158199785,0.019011827077688954
0.014872417817145702,0.01050790084114253,0.08384924403262796,-0.005491605582491674,0.05523508312680366,-0.05302937084202188,-0.08370129520417197,-0.03911511340716389,0.07778408275286161,-0.019917514996829127,-0.07959269397332315,0.0426778098793466,0.025599490701325094
0.010368665490869684,0.006608593142499221,0.07003910296155826,-0.0070182316995699824,0.05161145166454796,-0.050373634524331606,-0.12448529152778083,-0.038451740270091565,-0.0910533330082423,-0.024025429053717632,-0.08656316103756959,0.055103919480083495,0.019011827077688954
0.014282942454223393,0.009111222040105896,0.08179444782072998,-0.016479604927374714,0.053410929225666044,-0.0633166251081227,-0.08388759198162345,-0.06288816899622661,0.06665892618530679,-0.020157501316613317,-0.07240527127407725,0.04212275412342682,0.02506509041822022
0.009779190127947375,0.004527457428413835,0.06666358327183561,-0.01868089262467489,0.04985817919432505,-0.06144637517962954,-0.12389980786462737,-0.06223759721373551,-0.09548873828539171,-0.024885390145609646,-0.08294235178286932,0.04194348424504893,0.018868438473574056
0.014015823808440502,0.006320419848057214,0.0763342311045279,-0.022663391518020357,0.053306605336131234,-0.06572902099524103,-0.12521836231321115,0.039228128138830885,-0.03318898575969879,-0.023978917068240835,-0.09739948854448403,0.03577886619190098,0.02353040118504884
0.011830595677817364,0.004410828355591197,0.07719996957881599,-0.024785495598407436,0.053031762352252536,-0.05908257662935412,-0.1280178969494957,0.045055078653182846,-0.0742939018647258,-0.025281086240389612,-0.09902322597686446,0.0362388709323239,0.021543854784771613
0.015673767459937434,0.006395063955408691,0.0807054496367685,-0.027222724423885004,0.05546085868840076,-0.06607763962475112,-0.11649179333733645,0.023374447289818284,0.005615755814257884,-0.02342998103215461,-0.09706265647079933,0.03533226418318825,0.024747293976949917
0.01294009606986144,0.005366873480319391,0.0756324657907592,-0.03278432047520485,0.05243172767164665,-0.06636967469620102,-0.12554970306998303,0.02228503211449771,-0.055505499836912615,-0.024727800348480985,-0.09816910949841993,0.026886815413321417,0.022020201415838065
0.009779190127947375,0.003668821057713317,0.06246259669645723,-0.0223534460694261,0.048915877403861455,-0.06804141235763594,-0.1201030718052162,-0.0664836247872422,-0.11776745228430048,-0.02599890743628173,-0.08332948243205925,0.025918043171741463,0.018298723146416618
0.009779190127947375,0.003668821057713317,0.06522116341797454,-0.020310925621497822,0.048915877403861455,-0.06514686354209986,-0.1201030718052162,-0.06329847098519994,-0.09540367230437723,-0.02599890743628173,-0.08332948243205925,0.02412836610285761,0.018298723146416618
0.014231473004770082,0.008836259479697522,0.07951671637638758,-0.01581166193241341,0.05194313113527349,-0.06667693913677757,-0.08001146569720977,-0.06309394905052301,0.07306638325866056,-0.021000574843938274,-0.07279240192326718,0.02383088715641422,0.02410162909395502
0.00978035706632918,0.005123707255465836,0.06522116341797454,-0.006844778957455481,0.05009549568742698,-0.056563780901402974,-0.11700110486185604,-0.06329847098519994,-0.09677420871546107,-0.02599890743628173,-0.0830583881451574,0.04599270378887487,0.019605333233000156
0.013683200392439327,0.009429863543766166,0.07760670651137888,-0.010113297030008286,0.05466593911412606,-0.061465800275898194,-0.08181823198135164,-0.04216291425153596,0.026246809130598958,-0.020156796588516837,-0.08078402612121156,0.038583163400928634,0.026365101270441407
0.010564860811375426,0.005009856883798469,0.06475846852408364,0.010127687041767915,0.050997151186813486,-0.04317888748511731,-0.10870616824463436,-0.04298866377919266,-0.12332344904719612,-0.02566276709533155,-0.09024581084440328,0.041910953510607,0.019863186079201012
0.013510997097678612,0.009429863543766166,0.07505687608671252,-0.045094154597097605,0.04846276447197377,-0.02647871047395293,-0.06968673073126141,-0.06917292296320132,0.037767625905200934,-0.015943216479099725,-0.06405408056193743,0.021121960763175976,0.017820574296681817
0.011628870498930464,0.006761682817115365,0.06496015533231392,-0.0446387947436367,0.045833498060022224,-0.019725892520982485,-0.0977601167429129,-0.06874012198955762,-0.037632495695033186,-0.021264446977097732,-0.07209203372314231,-0.0019400360286376032,0.015141995542532857
0.013299777422278542,0.01997576800601506,0.09789110729230263,-0.019521771202672008,0.04821723493486912,-0.007187395490334502,-0.06598496237542564,0.02595355613783974,0.3289346541455688,-0.01530739954919675,-0.08306663379982374,0.03181883406484992,0.015669792846786875
0.012260807972933137,0.006575551641168317,0.0728272267657714,-0.05032441919705395,0.05005398955820958,-0.019211850015172165,-0.11176260371459014,0.05197606000968428,-0.1483956158640168,-0.02175589010219282,-0.08822200757595147,0.047168042533690724,0.01819286620572243
0.013299777422278542,0.01997576800601506,0.09761853332148515,-0.023196398989694982,0.048731460204542366,-0.007187395490334502,-0.06405748650568122,0.019823481268406,0.31265487514798923,-0.01530739954919675,-0.0815690874025895,0.06029338535027722,0.01572638854137467
0.012260807972933137,0.006575551641168317,0.0728272267657714,-0.05657386047735588,0.05005398955820958,-0.028238280352965765,-0.11720290380727783,0.03869326171558537,-0.14680572796821492,-0.02175589010219282,-0.08822200757595147,0.04611588609452156,0.01819286620572243
0.013161342243868099,0.018425288622323246,0.08498066665095283,-0.04159835672531577,0.04769752659119435,-0.010987111600684147,-0.04996898638400406,-0.056109140926623155,0.1524885509427102,-0.016883285702634945,-0.061505425205281745,0.05950916404848988,0.014592842006972782
0.01039265751661471,0.006009727472753182,0.06271393667329317,-0.04375129830271091,0.04760913239756523,-0.03335850215838957,-0.10440013100222029,-0.061870353912627366,-0.16094090923796575,-0.021839971666638223,-0.07252826403114626,0.05005488417675407,0.0159872730967381
0.013286814150427397,0.01079942409810271,0.06933137386455451,-0.04047467631233063,0.04987224104257359,-0.0142507009591079,-0.06905161908867913,-0.06089964750818697,0.031911221359378864,-0.020715510941011508,-0.071555295779064,0.047185537731229875,0.019032563027606045
0.013286814150427397,0.007174891854368599,0.06933137386455451,-0.03814840178211646,0.049338510362645895,-0.01493843485088651,-0.07592422391877302,-0.060887919321055695,0.011254777959630594,-0.020229918431406407,-0.071555295779064,0.053513858613515077,0.016537908597678026
0.013459017445188112,0.007174891854368599,0.0708722665819798,-0.04913646698355051,0.050314456326997846,-0.02396486518868012,-0.07998012384789978,-0.041952976325194215,0.011642456390867265,-0.020229918431406407,-0.0787427184783099,0.05191105813781657,0.016537908597678026
0.011799906855309374,0.006156541558361817,0.06750998575698029,0.012321562934242688,0.05108967767312396,-0.03699885500580803,-0.09327897532068427,-0.04029589085549632,-0.024812039192736723,-0.02435045382588699,-0.08909307356931831,0.025782880088937022,0.02148321810795426
0.014895242904508924,0.009395571435400268,0.08027169548658865,0.017472036829995822,0.05187224970435878,-0.03785415055580456,-0.06569181087313389,-0.05724077347228862,0.06790253331269314,-0.02065322475247332,-0.07279240192326718,0.026033601546665917,0.024145491429832213
0.010391490578232906,0.004297637441177189,0.0659761425281756,0.019074609357251218,0.048915877403861455,-0.03765776786209688,-0.1069478527061846,-0.05873845297301189,-0.10061277652489295,-0.024290304219157594,-0.08332948243205925,0.02720361859275981,0.01871621198360829
0.03184929099883256,0.10063943048388442,0.22868855287894066,-0.014919565911167925,0.044743882682398685,-0.0015887870806801417,0.14788825555250357,0.07920409965102035,0.041350572461644496,-0.001866397301885874,0.08035746938969103,0.03494000172558423,0.09023896284819272
0.03184929099883256,0.10089225767180095,0.2319515964233539,0.062137313721684,0.04958832890156503,-0.017657377117999053,0.15156335418917707,0.0873355861277654,0.037892993318994365,-0.001918745752248163,0.08791196665388006,0.04822069011903143,0.09936608634634664
0.02955969540130935,0.09314243463793094,0.2309763900898931,0.04902392004273585,0.0484562369200014,-0.02667106265254368,0.16340768186648444,0.09231455198770463,0.07733982368867422,-0.000678877100281283,0.0878110556227672,0.061806384818758976,0.0942249406761091
0.03161594466313052,0.10328978374775323,0.23171052080762547,0.053111362366959354,0.048408710617999506,-0.028720839118367786,0.1463310966634517,0.09279174468142969,0.03936119839332406,-0.001918745752248163,0.08711464241747383,0.032388816080385484,0.09788945010845419
0.03161594466313052,0.10328978374775323,0.23171052080762547,0.05265324621838393,0.048408710617999506,-0.028965254423549684,0.1517757630070359,0.09260161325041152,0.034809194934515265,-0.001918745752248163,0.08711464241747383,0.032388816080385484,0.09788945010845419
0.032238188881140765,0.10182453380212642,0.23018612733610383,0.052679860978520364,0.049691121049885954,-0.02509281039390785,0.16454854833349578,0.09268533143805727,-0.017775054916720146,-0.00891150536943229,0.08631268867046281,0.052656501829765404,0.09233039989503919
0.030421135719552676,0.09806942258585642,0.23506132809684582,0.027997908504836754,0.048031888606227244,-0.022096090256350072,0.18207749549664062,0.14732796421744992,-0.019027629260347515,-0.0004501515988108996,0.0844527444871693,0.02194593836681244,0.08386003939215002
0.031170751197642184,0.0993810013130693,0.23442399758592306,0.006002655205685705,0.050643512709114505,-0.02503187146578939,0.1770007537083317,0.14985715974231234,0.0005963501434315646,-0.0008330443969634629,0.09288934965693227,0.03246233183317425,0.08346841902221984
0.031925103558813644,0.08806231641534773,0.23534344836494286,-0.009072117885631769,0.05147291629425551,-0.02371154358526234,0.1768815377228285,0.15059169646838627,0.02549826765615185,-0.0018269326296302493,0.09370031678072406,0.03731483948235704,0.07528443908497037
0.02633193296396069,0.09546751658111301,0.2204016107946307,-0.0446125255743351,0.035331099334254185,-0.018607279230715954,0.12001061839000811,0.013711947382307616,-0.01687854291760229,-0.011897665801360565,0.08107016650144905,-0.01669838375070468,0.0817926320410921
0.02885549850445762,0.09546751658111301,0.21999697524327005,-0.04775147530019945,0.035331099334254185,-0.017674315966039876,0.12427532204395614,0.013536690003461698,-0.019793297759517832,-0.011897665801360565,0.08179446917825522,-0.011046518078595571,0.08185478740020018
0.029268526998357865,0.09830887093194521,0.2209157719130584,-0.038115810369741036,0.03500117820517056,-0.007166743606291064,0.11183884345359986,0.01076456620004563,0.03231796235698759,-0.0029016345832654617,0.08268876782303482,-0.01252402494828314,0.08545987386722778
0.020137721650296165,0.028534460662354013,-0.35787696328014434,-0.05200038918353673,0.15483334691447356,-0.00224357309094457,0.06889142070983334,0.048560228729219904,0.020090482016563292,-0.0017962072154802395,0.009710838324844748,-0.03224693706478933,-0.023210175154480837
0.016243939235639108,0.026723841078522315,-0.3550609823080964,-0.046607440549191574,0.14887913779386247,-0.0006171279885483338,0.061259715549331836,0.050014729633885376,-0.03464950402061299,-0.005322689099352485,0.004279833508751684,-0.02411755567994542,-0.030493411652703542
0.02173540163980905,0.018097768245173916,0.16779989047360908,-0.05298039337769024,0.04706458000377872,-0.036234790554049205,0.17400908192079637,-0.04320862172898179,0.026541832620212882,-0.015204634998003176,0.023935677152461917,0.030139728758076075,-0.022450058157371135
0.01588512223677386,0.019171701948786778,0.17264029624319385,-0.0494710192961649,0.04647877236650174,-0.0535867755827917,0.1749209940830301,-0.04215332748845112,0.060863665779214864,-0.016570307411327524,0.024774034069370683,0.027747958136921255,-0.024057236071899888
0.02100579123017618,0.012703519289331106,0.16026614207739617,-0.06389175139564347,0.043101103000596816,-0.057226471775002445,0.13616295606658338,-0.05150314999763447,-0.0954289026108792,-0.017188226181052486,0.03266085181292649,0.03572094099524231,-0.026614839371849938
0.02465529294659746,0.01361761210726687,0.16430621493588157,-0.049042915843574265,0.044895335036351035,-0.04924102406655294,0.13260705355280233,-0.044048266158346,-0.004358865840288158,-0.015092936868446991,0.03519968049599242,0.05857360842724289,-0.019737930565615076
0.020056776081868805,0.014187234882028346,0.16458875749179536,-0.05385724327640781,0.04808539151971336,-0.07140769345739419,0.13173962660087332,-0.04502929948155535,-0.07560538341822311,-0.015781319577329703,0.03266085181292649,0.04164329632822828,-0.02598673115309017
0.01730110453389253,0.005174856910022631,0.17755205560544426,0.08997056693170523,0.04960492225309745,-0.10821561419531815,0.15554772910915227,-0.0473951954892482,-0.10605784945929632,-0.015971050677119753,0.036436943637398196,0.0048925120374735806,-0.034452929197193664
0.022845094960564704,0.01624077760579893,0.16491278929480532,-0.05877308292995322,0.04569059274771005,-0.08966333454951374,0.14065625464533957,-0.0418784918085797,-0.0020684023315927914,-0.015696325909113653,0.03447610759082288,0.045127529984237275,-0.023063757055233676
0.02359751785560946,0.021281472786420945,0.16768204196779246,-0.05440779900693987,0.048623909358236884,-0.08932145623948834,0.16715716996963817,-0.04390889193785766,0.05632349490989138,-0.015533246318293956,0.03432656379911548,0.029935685909383187,-0.019816102878879145
0.02100579123017618,0.013642211646303828,0.15782117832367354,-0.06906271946748632,0.043802719743576975,-0.10115175246684001,0.1332107078543126,-0.053964903137593646,-0.11995646038066231,-0.017188226181052486,0.033062368217758153,0.03463006828056235,-0.02754544333322007
0.020056776081868805,0.013762901618862665,0.16409788291896082,-0.06689279856613703,0.044819372032987685,-0.09352017125787444,0.12904695464647775,-0.04726463183733196,-0.07891216645389733,-0.016998495081262426,0.032767186828337735,0.04492071731912607,-0.02661818372582547
0.02100579123017618,0.013642211646303828,0.15782117832367354,-0.0673206321838471,0.04389636071195583,-0.09725744768008433,0.13495801910190056,-0.053964903137593646,-0.12187516056395538,-0.017188226181052486,0.032767186828337735,0.04046862741097747,-0.027420510320460577
0.02100579123017618,0.014501098233564885,0.157931887276248,-0.0689928636166427,0.04760840703481009,-0.07571396831062002,0.13549738179904153,-0.05430934982439541,-0.14338698952649984,-0.017188226181052486,0.032956033202346906,0.04095337487974789,-0.015762168031428884
0.02100579123017618,0.011788969723440275,0.16026614207739617,-0.07228391158811874,0.043101103000596816,-0.07677831598192178,0.13616295606658338,-0.054308138393480664,-0.0954289026108792,-0.017188226181052486,0.03266085181292649,0.03650615118881337,-0.026614839371849938
0.022815989216208934,0.011019046147771772,0.1569010009969551,-0.048641827749920256,0.04300746203221796,-0.0607686337782992,0.12878403291856197,-0.05649920579107181,-0.10858135913479282,-0.016584837140385823,0.03378594112292769,0.04560479307457734,-0.024240663308922543
0.02186697406790156,0.01113973612033061,0.1623740280252879,-0.04536197463127038,0.04402411432162867,-0.055237620063050184,0.12073759161874714,-0.05441873112123233,-0.0728382264660072,-0.016395106040595762,0.033644895250405316,0.03459500807392227,-0.02331340370152794
0.02596581785867148,0.014337900624532399,0.16756015293337295,-0.04670999927682496,0.047121969479894346,-0.0728346079790705,0.14650679082028345,-0.04533878672578285,0.03407901645529732,-0.01454400083236077,0.03562362757834424,0.05069920774918915,-0.018420371209734426
0.022815989216208934,0.015717368311752133,0.15732531291732424,-0.050602907819652154,0.04838115588445518,-0.07246727671162503,0.12812985983724426,-0.05612025181579049,-0.14775975738367272,-0.016903836702982036,0.033570570178896926,0.048724318900774666,-0.013263058955741992
0.024017418271642995,0.021387681688983008,0.16757356431923948,-0.03940712048973609,0.05267373230744425,-0.08641939994503663,0.17162413853502173,-0.04214734000478144,0.05354480753004554,-0.014746460877195727,0.034840758137758845,0.04119549035350469,-0.019735541293036705
0.02229108647708173,0.010971251332336934,0.18830608501111187,0.08639718452218896,0.05362273929511946,-0.05126471299100096,0.19466628740341715,-0.033700942361693846,0.038891090984216316,-0.012961843986869951,0.04079228303576793,0.04906073980886519,-0.018840989724809968
0.020291896809297456,0.005664947277904718,0.1757044363178968,0.12552125211321488,0.05069167163060674,-0.07299934918124532,0.15727333033678564,-0.0475090412863928,-0.10941293093237296,-0.015467833356559066,0.038121050306910736,0.02175985372903436,-0.024556588104521243
0.02256750916049261,0.02099153290352246,0.16875251938073332,-0.07184321945872615,0.048560948451745266,-0.04954403263914354,0.1685511444234647,-0.045777452438228554,0.059715511760373964,-0.013122236710911065,0.036926249041028585,0.02175966712159046,-0.025106078392231196
0.019737068499858304,0.018676043400608834,0.16946972010793745,-0.07309401275497047,0.045028914029970335,-0.04689835693992856,0.17360107967809307,-0.045076060084462445,0.025292522114518434,-0.012793625390620284,0.025420661171552665,0.006313375949901667,-0.02930206843516735
0.019689767072437137,0.014132302014185912,0.15886449823224613,-0.06621881379975085,0.04175467234762882,-0.0675247114801623,0.13429727073644815,-0.054440177154320285,-0.11828015969704202,-0.015116493565644745,0.0338851965380287,0.015430929487686854,-0.03335911416486239
0.023957278665606114,0.016076948855232996,0.16983655692662508,-0.05618580527776269,0.04681267092045025,-0.04959668151185443,0.15215775444885438,-0.044942892807828226,0.043486276618122016,-0.012736380265644533,0.03788982165918797,0.025769364940903865,-0.025278486060409572
0.020967987670782066,0.020228071506254004,0.16925686506699936,-0.053269857494391025,0.048469792806306596,-0.044623491381070586,0.17430397471221779,-0.04185067892706447,0.043490886813941865,-0.013108759026825725,0.033977986343293694,0.017806737403202485,-0.027341529625626887
0.018767317792417672,0.014252991986744755,0.16533285519027405,-0.06442589935061549,0.04309498106915072,-0.061079836490340635,0.1286439007407779,-0.04750979431127911,-0.07607304302048243,-0.014587485473879537,0.03364585901466113,0.022890314919704998,-0.032556787570227286
0.023075378721614775,0.022354141976126556,0.16943494255246735,-0.05227981966461825,0.048560948451745266,-0.049278087943896855,0.17219983532739802,-0.042505783630886966,0.0640109675731153,-0.013122236710911065,0.036926249041028585,0.0274802996327557,-0.025135619181854474
0.026198051746979457,0.0217471534822063,0.17280259267437068,-0.05098530359177369,0.048469792806306596,-0.004533578880730808,0.17430397471221779,-0.039724035825071814,0.0457868164335959,-0.012199420143560897,0.026505023259260702,0.02048269452687008,-0.02531988089778989
0.028417078530519987,0.019255189557155057,0.1738059808160757,-0.036363883866857655,0.04975586684721166,-0.008839811915750314,0.16142170032926187,-0.03859320946093895,0.04935688152274502,-0.011576458642374117,0.037090502318480906,0.03172673168191119,-0.025024687815037486
0.029342380937208055,0.00756759941531738,0.12169643375065278,0.11303045556682585,0.04712419718825476,-0.03846701967038898,0.1735304680369798,-0.023199865464904802,0.0198568931754449,-0.008044804177283336,0.04322505004853246,0.01392881852843605,0.003604820529872362
0.03114280053084171,0.01898341963744252,0.1335895259443377,-0.033262498875904434,0.04461818890440484,-0.042208973432840066,0.1675529422549282,-0.04138306335799955,0.041443244438669195,-0.007484683521769976,0.040983925963157954,0.017822136674865634,0.005183075766710333
0.028862780270372326,0.016820856953301776,0.1335895259443377,-0.025087344861959203,0.04600021023958434,-0.0430169129982212,0.169079295908127,-0.041836118207131505,0.01450768587095409,-0.007484683521769976,0.03793141944227507,0.014466548883638216,0.0037050713808527112
0.028262367576424953,0.009053587710855425,0.12321601380574816,0.11276111171467315,0.05072668384209424,-0.04674706396332911,0.18457152127503068,-0.025402934261271937,0.02194903430621859,-0.0077698125594308776,0.039791005247980155,0.0393896635502916,0.005098820481645361
0.030819165119158456,0.02091621996146356,0.13619334809783815,-0.023349344784462153,0.04573461333257656,-0.028174092070964253,0.15919184416775367,-0.03218579493692116,0.057926743168850735,-0.004762275131887125,0.03711524055079341,-0.003839160186795441,0.014751721677856664
0.029809067459328428,0.011979694718127203,0.13501425395536412,0.1181042866126856,0.04968779011894846,0.02998406101079002,0.18589397575556063,-0.008860274965494326,0.030645798531504842,-0.007048533645179157,0.040553506079340954,0.054860976683281375,0.00873806513040581
0.03543600199800926,0.025539241689827193,0.14447196665873244,-0.02817236467330689,0.04967861573110423,0.054586604211821564,0.17852280129573678,-0.022534030059369457,0.05661716749690645,-0.002875077887265526,0.03971354227094616,0.026574558032165685,0.015074708462065453
0.0333636232065675,0.01509423481578509,0.13330970857322202,0.10886241984239277,0.05304796690566025,0.049636679151517135,0.19293984889645274,-0.007409093936404131,0.04760709072500004,-0.003708150387611723,0.04191515155048298,0.017494643956930046,0.013568288892598465
0.03159650629268521,0.0240229779205371,0.141868144505232,-0.030333549710182525,0.04617152115360679,0.039108331461497864,0.1930472008536441,-0.03378979059957591,0.033217320951436195,-0.007212173920572801,0.04298364460740211,0.0358185968461925,0.009792301844173875
0.035440446002192615,0.023820549851354227,0.1455560042046242,-0.035702924046648814,0.0481979621275661,0.04246972054148112,0.17054978318453837,-0.02188867148273726,0.06116603076039482,-0.0020213738205981492,0.03981886716439378,0.026733576509975043,0.015003843320586734
0.03350182480756323,0.014607036164932398,0.13439374611911378,0.11646134787781184,0.05206889359610485,0.040809882215704286,0.18567799752346686,-0.004991373031676013,0.05782204242532178,-0.003302773390363233,0.04185935259592189,0.019522333183925888,0.01368593053469057
0.03216877646423806,0.020188452906997,0.1455560042046242,-0.03665295689064219,0.04449413742024779,0.041476012568632266,0.16660319299618226,-0.023968667721740063,0.03923068716361695,-0.004300599716467817,0.038758772373847644,6.4369008145480675e-06,0.016695496716788008
0.02005838397587328,0.11135240022869608,0.2897287913106316,-0.05099220035728133,0.016304642281441527,0.007850726511851085,0.12799113844108348,0.2111186848482202,-0.021959237182852,0.015497842231611986,0.09372349594389813,0.040626235338473,0.06248601704573809
0.023866853296641864,0.1067249852237907,0.2891143879836462,-0.048468388371255514,0.021007105331914685,0.006176938271275539,0.15360388344057535,0.2059859274818376,-0.019503590335970582,0.03097699106836538,0.09462189770932429,0.06170736218585606,0.07781846384010276
0.023866853296641864,0.10036776838171854,0.287789034451868,-0.05083475193065841,0.011114474582674908,0.004578473486827438,0.1554224263201935,0.20671436159688655,-0.11795906093917367,0.028561976502439145,0.09410513069844255,0.05845995977422881,0.07655421079597398
0.023866853296641864,0.09989833413041059,0.287789034451868,-0.05189178742800339,0.011114474582674908,0.029918875882957052,0.16722426231810683,0.2058339842713046,-0.11636298448472666,0.028561976502439145,0.09410513069844255,0.05857787660371261,0.07655421079597398
0.023866853296641864,0.10722424757046937,0.28923439627706415,-0.03846654071312126,0.020461441371791022,0.0310436627164264,0.16258199406079743,0.20670036404711564,-0.024488574433307694,0.03097699106836538,0.09393048163272409,0.061437843057586594,0.0741159487349717
0.023356606246596214,0.10189652979623798,0.308867884576708,0.06052853739589622,0.020103624982868582,0.03229622891613366,0.14255871241958273,0.19324070625201983,-0.002574661902930089,0.0311268733228767,0.09700223316660404,0.06262878119145324,0.07339320684622598
0.023590623221206242,0.10188820382552671,0.3067952885993204,0.0650814703189667,0.021040010082162056,0.04111627783734588,0.14901328675335135,0.20994937349156947,-0.015261528718123933,0.03097699106836538,0.09769364924320424,0.05928925715782841,0.07364192585489528
0.023805424940149894,0.09342563568271266,0.3078365491926623,0.058945078711765464,0.018125384617890743,0.04278391480660071,0.14956699074645513,0.19125663226267037,-0.018533640488100717,0.028637510101016353,0.0973606288360411,0.057622064176629614,0.07063842145895288
0.011201426198793754,0.02633755465787905,0.14887509668840623,-0.036553085634327055,0.02068050250532002,0.04992429123840586,0.04149958828944427,-0.02976305235262401,0.0009435421213939669,-0.04042842749913953,-0.09962055600812585,0.04147933757324143,-0.0026635226589173987
0.010069904029400872,0.017103991157940597,0.1448723659450841,-0.04213439798262887,0.020623728131371623,0.04453853052650683,0.038107778964053145,-0.09031686215064048,-0.010770381567208132,-0.046014946791966,-0.11199882773761834,0.026741959373578046,-0.008104315319194417
0.020413268289798364,0.014818902040980467,0.21813909851584407,-0.04615921579172011,-0.044684183199695644,0.045602267506759275,0.07843450859174421,0.11342510078632535,0.005559236261164715,-0.017936095160246655,-0.12395750115142398,-0.0008962495001927012,0.02960451182892312
0.01390538874610004,0.007600341785698287,0.20728227257628945,-0.049596629926042225,-0.04285630852841582,0.05075311536751378,0.04911198411359717,0.01643849673279597,0.006344133744011433,-0.029434317004634697,-0.12716305950734888,0.01871314286058533,0.01462199758005004
0.01594636529018113,0.013910695283615963,0.2049994418385043,-0.04570626873335673,-0.0432898523711105,0.050320583027512106,0.03164245900603291,-0.035764986178335005,0.0652779179820374,-0.019397194772116856,-0.1270452128550209,-0.03133868080808066,0.015094906840767844
0.011631833609136114,0.010556699820207226,0.20571934609805312,-0.05761693456575828,-0.045292345430477186,0.026329214254539355,0.04869368155550145,0.00974976690403439,-0.0022352453655493892,-0.028197080142463818,-0.12825128244105993,-0.048691306023485564,0.00886538527866219
-0.04908792713143199,-0.10789909934634606,0.06611544294577561,-0.06604097798502857,0.02374115649904962,0.015004885959065274,-0.1737841033067703,-0.03407570691869018,-0.0010930594653034839,0.08186953439127659,0.042019242774165154,0.0171770054517575,-0.03942035639832772
-0.04432039009843588,-0.10377153021959246,0.06805603143469928,-0.035824354167782915,0.025015862053276272,0.015790757733357724,-0.16455369346029677,-0.053462435929532974,0.007278405208941008,0.08520627303655108,0.04162050176137944,0.04990005552267777,-0.03441344903911309
-0.039250779167046786,-0.10481737776935603,0.07342588309153784,-0.03170171728679317,0.025269660916294335,0.018987981125670628,-0.15721558319767132,-0.024493047157615598,0.045884655792134826,0.08239332807724974,0.03415636205613932,0.05893309824533229,-0.03451497214112115
-0.05035356507679668,-0.11351354163402715,0.0627523092108169,-0.05915775547367274,0.02374115649904962,-0.005942918397719252,-0.17528521507458314,-0.03431944915544871,-0.01857447150618769,0.09301307271066302,0.03804922672365358,0.02552231414604877,-0.03924391471332801
-0.03873935005629434,-0.1069601470198893,0.07538837414788614,-0.03095352938153886,0.023506778406474863,0.006859539129031289,-0.15462444801624703,-0.030254006432421866,0.08940562865230502,0.08441426044159232,0.025376310470148294,0.02668005110923756,-0.039035545277905856
-0.05232501429164694,-0.10734249539407617,0.059149733708968054,-0.05288001098285138,0.026309071343506775,0.001618197442829145,-0.16892133775803203,-0.027650534908815243,0.011357108936551553,0.0931274148209397,0.033840653109625855,0.040981914144416216,-0.03833130098138887
-0.03524919540091392,-0.09465547420658056,0.06829542434906252,-0.0117051298656129,0.025084963958887086,-0.003022269515523788,-0.1491913394824136,-0.05888107484056154,0.032241287784242796,0.08685166577170483,0.033013498682038754,0.0668795190439186,-0.03464838139332278
-0.049552841685797155,-0.1093917370332646,0.06421727724663363,-0.013834074622544745,0.026214193750368042,-0.006431548254492603,-0.1641189003469935,-0.028659844487020112,-0.019427186768496058,0.09099214034632043,0.033916675026621435,0.06393816840081541,-0.03327825887202904
-0.03938435709685939,-0.11028278636159008,0.06826582125294085,-0.04175276002318142,0.022910185008743474,0.0003193047723724337,-0.1732531432497832,-0.05279013563337836,0.04251989366403906,0.08441426044159232,0.036270546506632036,0.020202516799428718,-0.03783025956699104
-0.05152429090064741,-0.10358072684377467,0.06319731152768747,-0.03012154169312776,0.028058589015244953,-0.001875442642293667,-0.1694894146389537,-0.055298273031168174,0.00528333464749923,0.0931274148209397,0.03217723647030791,0.05360533128457301,-0.03283827516654904
-0.05152429090064741,-0.10358072684377467,0.06319731152768747,-0.02907471011899548,0.028455930130179677,-0.001875442642293667,-0.16377371070734653,-0.030275082407450648,0.00528333464749923,0.09342380947627726,0.03217723647030791,0.06520788645858036,-0.03283827516654904
-0.04253740848895714,-0.1015706152245627,0.05798301141814826,-0.046595979610959654,0.028156551622231893,-0.0028206493977867525,-0.17074760363111882,-0.03437400119869461,-0.07300294555248071,0.09764127954040135,0.03387869715410558,0.06969177652084314,-0.030849092588498227
-0.03524066469430209,-0.1061604846000833,0.07821619383645532,-0.06599492235366088,0.028871709780852437,0.003193876186839482,-0.16406984422221704,-0.03615396699216439,0.1919541811806015,0.05319362141994123,-0.018888951917933335,0.04200342319465729,-0.03447987502915349
-0.0353742426241147,-0.1061604846000833,0.07667114917740352,-0.06856602916443108,0.026909574988236297,0.005876816965050984,-0.16633893949378084,-0.034436327110340705,0.19210368517402313,0.05319362141994123,-0.01909209448712078,0.01162598329870184,-0.03779516245502337
-0.03860577212648174,-0.10549703303121268,0.07619747743482237,-0.046084637087579074,0.024837590046301736,0.004457507505354649,-0.1626392494961608,-0.034279763843686285,0.09499048366533346,0.08441426044159232,0.023955642273826433,0.04738765442520708,-0.03582226407662302
-0.0353742426241147,-0.10659174588631383,0.07712232693055117,-0.06855288579557572,0.026909574988236297,0.004827184637875197,-0.1665882943846154,-0.03442763168421634,0.18937880793579603,0.05319362141994123,-0.01746828372161147,0.00829709749379703,-0.03799672014758768
-0.0353742426241147,-0.10659174588631383,0.07712232693055117,-0.06902935596713491,0.026909574988236297,-0.0011796484715198754,-0.15954157803965974,-0.03442763168421634,0.18937880793579603,0.05319362141994123,-0.01909209448712078,0.009357495195304998,-0.03799672014758768
-0.03524066469430209,-0.11389776624721212,0.07849402310927862,-0.07438127821712469,0.028871709780852437,-0.0019523121369149315,-0.16257158571087546,-0.03221973541629712,0.19822626297571236,0.05319362141994123,-0.02410700228188597,0.043873711274442465,-0.03447987502915349
0.017711134309489666,0.09871794370153138,0.12918239700720746,-0.03851190477586979,0.0778053584615771,0.011457019842445567,0.09110268572868108,-0.015002549833963973,0.20881717696527194,-0.001836855296100366,0.05971652075098619,-0.011199271897050726,0.039332328160068306
0.017711134309489666,0.09946748665485944,0.12918239700720746,-0.03921528022844938,0.0778053584615771,0.011457019842445567,0.09110268572868108,-0.015002549833963973,0.20877100946452345,-0.001836855296100366,0.05971652075098619,-0.011199271897050726,0.039332328160068306
0.017711134309489666,0.09946748665485944,0.12918239700720746,-0.04034895846602419,0.0778053584615771,0.011561071357856334,0.09110268572868108,-0.014013720229143671,0.20877100946452345,-0.001836855296100366,0.05971652075098619,-0.011158474779706998,0.039332328160068306
0.017711134309489666,0.09652105751340227,0.12936069938419992,-0.03284479703213712,0.0778053584615771,0.03657407168426402,0.11029931667301072,-0.014369155969030914,0.20863942079234876,-0.001836855296100366,0.05971652075098619,-0.019822699701523977,0.039332328160068306
0.017711134309489666,0.09548920481095617,0.1291150346417992,-0.04131122176061279,0.0778053584615771,0.03631584075962474,0.11029931667301072,-0.016778504001610163,0.20840014615070163,-0.001836855296100366,0.05971652075098619,-0.016037592873387317,0.039332328160068306
0.017711134309489666,0.09548920481095617,0.12928899240439398,-0.03168465549025603,0.07750694641623025,0.03687528664879451,0.10696899555266394,-0.01687875595002318,0.20685833654951982,-0.001836855296100366,0.05971652075098619,-0.017223574057219602,0.03963589207721966
0.01729978700206497,0.0879488123289352,0.12061515158649398,0.009266932115182118,0.07750694641623025,0.03151267918453025,0.10050012852759063,-0.033315898792165365,0.19913928090650582,-0.001836855296100366,0.06461828510246428,-0.009036584414087055,0.03960130161131204
0.01729978700206497,0.0879488123289352,0.11545683978524014,0.008180815600371974,0.0786919685580272,0.03151267918453025,0.09373818972276222,-0.037836339498998374,0.1729821686191645,-0.001836855296100366,0.05701794876215787,-0.009036584414087055,0.03960130161131204
0.0207052141368319,0.0879488123289352,0.12061515158649398,0.013155470022110477,0.07949577443918625,0.040524354118382455,0.10204274837086315,-0.033315898792165365,0.18947367292976272,-0.0014128086103584255,0.06457774235865743,0.011977235766823543,0.03693705550347131
0.0207052141368319,0.0879488123289352,0.12061515158649398,0.013155470022110477,0.07949577443918625,0.040524354118382455,0.10204274837086315,-0.033315898792165365,0.18947367292976272,-0.0014128086103584255,0.06457774235865743,0.011977235766823543,0.03693705550347131
-0.10531509873091424,0.029528286090043165,-0.3584515588585361,0.04397213007750911,-0.07983122870166967,0.07488489661738643,0.06340624535889598,-0.07412298125554483,-0.05341892867939672,-0.037259851195558545,-0.06225673704352862,0.019490672580855618,-0.019939614431523207
-0.10531509873091424,0.029528286090043165,-0.3584515588585361,0.04397213007750911,-0.07983122870166967,0.07488489661738643,0.06340624535889598,-0.07412298125554483,-0.05341892867939672,-0.037259851195558545,-0.06225673704352862,0.019490672580855618,-0.019939614431523207
-0.10090065614880897,0.029528286090043165,-0.3584515588585361,0.03879753373730932,-0.06467636119777082,0.06505329345343143,0.06186362551562349,-0.07412298125554483,-0.05373321893272424,-0.03790942350841881,-0.06225673704352862,-0.0007709179703675049,-0.024347237019920673
-0.10090065614880897,0.029056260756879053,-0.3584515588585361,0.03873598354600612,-0.06906503299517197,0.06525997299775872,0.06186362551562349,-0.07412298125554483,-0.06281751599149674,-0.03790942350841881,-0.06331683183407474,-0.00937179303122259,-0.024347237019920673
-0.09753528784375143,0.03225920028867801,-0.378127288752475,-0.04579022732263135,-0.05890910863826584,0.062297459380034094,0.038021943199358976,-0.0660677059311873,-0.05715242072537511,-0.04551643595589732,-0.05764316187566134,0.03573676619768904,-0.02640901112975705
-0.09753528784375143,0.03502738153288161,-0.3774874062455624,-0.060432456969278445,-0.05888962012800133,0.06095885940170366,0.04548034669954344,-0.06558552506112429,-0.06029857344037135,-0.045301584270994656,-0.057664545106889516,0.033682407429765616,-0.026919147232680195
-0.09753528784375143,0.037474548327660145,-0.37677849697491356,-0.06333749444257866,-0.05888962012800133,0.036325983268523585,0.03411415671551886,-0.06576760725928324,-0.06463210493317513,-0.045301584270994656,-0.057664545106889516,0.0341516320395251,-0.026919147232680195
-0.023084375658450975,0.09928812178738634,-0.41906814736359776,-0.06476598385390993,-0.044074508399029606,0.053653253160002384,0.05845561263768333,0.0582796410564227,0.0033482969400346727,-0.017437206326427177,0.010148094015845582,0.01421947640885366,-0.02547243986902967
-0.020027220182356305,0.08342250068676327,-0.42615518689925647,-0.07056376635745831,-0.06715148580549066,0.04298317808670078,0.06492980660307295,0.04892671133113469,-0.15213880513205846,-0.017480641793531506,0.010117439090418717,0.0044382047018120254,-0.022544328681685037
-0.020027220182356305,0.08342250068676327,-0.42615518689925647,-0.06983928676174565,-0.0675909555974391,0.04320310242913743,0.06492980660307295,0.04892671133113469,-0.15257827492400688,-0.017480641793531506,0.010117439090418717,0.004372740347559584,-0.022544328681685037
-0.01989346258554393,0.08185691453289069,-0.42615518689925647,-0.06931606222173402,-0.0675909555974391,0.04389548416877853,0.06492980660307295,0.04892671133113469,-0.15232954537174814,-0.01474298500793108,0.010117439090418717,0.006167781642305001,-0.022498934353062636
-0.015479020003438652,0.08185691453289069,-0.42615518689925647,-0.06984704858591796,-0.05417233364827142,0.04380294431954514,0.05830538338455685,0.04844575740774812,-0.15240547456959205,-0.01504294347514101,0.009057344299872584,-0.01134557432062264,-0.023003325906907835
-0.016172080728120826,0.10245544719725988,-0.41588206648583775,-0.05452453085240512,-0.03416308362969264,0.05594394308732198,0.028974018177695765,0.05681958398401155,0.016035866360647813,-0.023696214928147146,0.009718946352582417,0.029595405357737036,-0.015305451779977289
-0.016410520324126602,0.09850519967941089,-0.4186007314920978,-0.05811465993248615,-0.031227539220642076,0.056640093773896436,0.03395917460455194,0.05693010031906861,0.005584603933331414,-0.02297006206681938,0.009741092461342526,0.03188889086238939,-0.015144398360938937
-0.01357545874133134,0.09773899110351675,-0.42425742116554144,-0.06322050304005196,-0.03430388487100907,0.05684007971703171,0.04717792331996211,0.05052184987800582,-0.058356151663626364,-0.02480749694606592,0.008720480888754902,0.028365722130761637,-0.0157597380668081
-0.013441880811518737,0.09935081135463515,-0.42346802923377846,-0.06509782997608247,-0.0411362023516356,0.05339087083842483,0.04268863239470857,0.05059851283228643,-0.0782399804629921,-0.024652280264412206,0.009428581924168608,0.03920122037093596,-0.015302983220434474
0.012755511304040882,0.15722555940338703,-0.38686722383981154,-0.05387431929444839,-0.03433033025999077,0.05878044264695144,0.03166520390961952,0.008649078968128917,-0.013173849316493362,-0.011364134607147483,0.008297340305704243,0.02998267280190348,-0.019087026665054022
0.01404912111589604,0.1512140414476701,-0.39038904513608025,-0.04392557566619621,-0.03137498662690706,0.06302004955643607,0.06735232355914607,-0.00236606192630855,-0.05025848774802862,-0.015278179173937617,0.009392376994586431,0.02691586855209676,-0.020912805137576915
0.01420398547655497,0.13657100999933294,-0.3911172735213508,-0.03302795830999626,-0.05232580123281393,0.05645603458703156,0.07269859037818996,-0.0024508153913201693,-0.14744336758167936,-0.01265617503355742,0.008964833776125218,0.0276993405531543,-0.018459749692033036
0.01420398547655497,0.1365574428136588,-0.3911172735213508,-0.03302795830999626,-0.05233459014076846,0.05645603458703156,0.07306761703029693,-0.0024508153913201693,-0.14738029108422346,-0.012287148381450438,0.008964833776125218,0.026920566845113122,-0.018459749692033036
0.01420398547655497,0.14969307467363127,-0.38761488558530854,-0.03247353744361281,-0.03779615507016545,0.04856485239888256,0.08891729794703548,0.00018530361349747783,-0.06935619489864876,-0.015811797440770395,0.008438092837955914,0.015041506430785794,-0.02220776465831443
0.01474507401799868,0.1475319508965414,-0.38622400017189923,-0.026140883185683472,-0.033862673676298964,0.04883222497544473,0.08354472871151847,0.008576435124020737,0.005725334664572782,-0.014228854489755131,0.008720976384057187,0.0056351061585373785,-0.01972123217791541
0.014162328127181626,0.15021732018179831,-0.38412202626896,-0.021816659562426753,-0.03333224906413013,0.06282671317403964,0.10813056026210557,0.003176102552440779,-0.040196416186554874,-0.015811797440770395,0.006968729885891721,0.0054339372175854755,-0.02046780649441402
0.014162328127181626,0.15151955296500316,-0.37562608917396073,-0.006622375771377958,-0.03761460392426151,0.06143003957833821,0.11215444721645626,-9.051249601480237e-06,-0.06755281036119493,-0.015811797440770395,0.008342166063858434,-1.7515388577464162e-05,-0.021424260870785878
0.014162328127181626,0.14805722628319973,-0.37746421540727576,-0.005548572930123505,-0.034952040832344045,0.03746191318591752,0.11408059843655924,-0.0062198807185441405,-0.0565410636967049,-0.015811797440770395,0.008342166063858434,5.911909918838342e-05,-0.023103354189074162
-0.0842040455529567,-0.16668977244004698,-0.5380627357879494,-0.07099315410427622,-0.08480553633734868,0.025051795655225893,0.020904672767911973,0.012983572376092135,-0.13776322581059533,0.0631673175187016,0.001998507126065414,-0.05373294799370274,-0.015255176383860366
-0.0832225461984665,-0.17404936208049845,-0.6176958498290536,-0.0635359818945046,-0.09369204963004672,-0.09634428331387987,0.021173183092960134,0.013988967610212063,-0.06416461550716901,0.06344970505223788,0.006099061695997008,-0.0556272935421079,-0.020264177557960984
-0.07157012539294896,-0.1698499439259122,-0.6208450711717809,-0.06552584610027136,-0.1035092940787919,-0.0945066034521638,0.020606001213013512,0.01340260305986547,-0.06912326509788082,0.06110592228257874,0.010511994910571677,-0.11770160795382542,-0.015509953221807496
-0.07157012539294896,-0.17072066626299043,-0.6208450711717809,-0.06502476622439722,-0.09855956981958032,-0.09416002093017288,0.020606001213013512,0.01340260305986547,-0.05448605134853052,0.06110592228257874,0.010511994910571677,-0.11695901793580438,-0.015814442607110533
-0.07157012539294896,-0.16775788302934072,-0.6245158174479507,-0.06767572051782052,-0.1144408076382487,-0.1003736202512836,0.019417733050779512,0.013310562269675821,-0.11823558075197423,0.06095725142611153,0.010004324728971893,-0.11186832838173853,-0.011833351378661911
-0.07491696735695996,-0.17343047376968898,-0.6231502082911206,-0.07122431667520836,-0.09631875841161357,-0.10136211188118097,0.017248644449151848,0.006870291532160163,-0.04100940640656759,0.05940470656958546,0.009393642802766174,-0.12590438476902138,-0.01474294911881997
-0.085733037704222,-0.1720944109265141,-0.6426421520174584,-0.05889565556098712,-0.10692502966026148,-0.1069313022911185,0.016095300109889906,0.05444264606075012,-0.11978728060958475,0.06787455162946991,0.0018032060163656071,0.061147550446554774,-0.01499842138554816
-0.08275956791540381,-0.14185130049763567,-0.6149230815966822,0.17278738883011152,-0.10653851911648213,-0.10476081646601228,0.06984557937751319,0.058599105175781534,-0.06113006186776833,0.06855319517932751,0.007152928910447479,0.06063961491002581,-0.01930457735666206
-0.09848001559207831,-0.1800306643706226,-0.6515251310744489,-0.11706200795346856,-0.08780924911324726,-0.10177677155751336,0.02305161904036,0.032605115224989344,-0.023672114489478056,0.0388204173252521,0.002262176686352051,-0.001971247503532401,-0.018873513218605153
-0.08182027542135656,-0.1782592342963037,-0.6475125938161722,-0.11982843194610941,-0.08794784313099534,-0.0967468800003225,0.013997380395297014,0.036775354178613925,-0.07002446809665656,0.03401326498242338,0.0025328592643726997,-0.05349229077963742,-0.019280585817711565
-0.070167854615839,-0.1720718880958111,-0.651521733487504,-0.11936094524098599,-0.11061849361722943,-0.07742028712100987,0.0224223317882597,0.03928160629750951,-0.12567883077350725,0.032421812542982834,0.009341810014675798,-0.11446811091973078,-0.01185684980772736
-0.070167854615839,-0.1720718880958111,-0.651521733487504,-0.11848490110704298,-0.11061849361722943,-0.0741807171986466,0.023041421708214587,0.03928160629750951,-0.12567883077350725,0.032421812542982834,0.009341810014675798,-0.11920281489599197,-0.01185684980772736
-0.071098907843951,-0.17416394899238258,-0.6325686062862265,-0.11627597252491324,-0.10013750031684625,-0.07291136119929235,0.024517603260259938,0.035257552015951155,-0.07661423442425251,0.03580530082740668,0.009849480196275582,-0.124126199965812,-0.01543369910963908
-0.0704647976291161,-0.1750346713294608,-0.6319344960713916,-0.1158451677613673,-0.09215814084221267,-0.07472002419846538,0.024517603260259938,0.03589166223078605,-0.05725784141920793,0.03580530082740668,0.009849480196275582,-0.12309555751496765,-0.01478173411857026
-0.0704647976291161,-0.1750346713294608,-0.6319344960713916,-0.1158451677613673,-0.09489972362481135,-0.07472002419846538,0.024517603260259938,0.03589166223078605,-0.06222993555156148,0.03580530082740668,0.009849480196275582,-0.12309555751496765,-0.015738188494942105
-0.0706384323007824,-0.1747001844289031,-0.6344607208521728,-0.1168219890332705,-0.09489972362481135,-0.10503064087021578,0.024517603260259938,0.03589166223078605,-0.06524305526155426,0.036577602134539595,0.009299998037096469,-0.12215238342111219,-0.01796458773569118
-0.07398527426479343,-0.17658560533799347,-0.6367658579715124,-0.12188602182552319,-0.09315994559843362,-0.09652612715874688,0.030995211875433276,0.029582355342315503,-0.027837998198830167,0.034876386421546314,0.010242367681629614,-0.13375110940146623,-0.01639101918648906
-0.07398527426479343,-0.17740999193560164,-0.6367658579715124,-0.1220102891979666,-0.09315994559843362,-0.1015347373084384,0.022188381029025123,0.029582355342315503,-0.04656545573882937,0.034876386421546314,0.008874065793853404,-0.13387537677390965,-0.016893094247400618
-0.06913136426384509,-0.17382946209182487,-0.6543393993619614,-0.11851494352022084,-0.09937896599808667,-0.10581846818431549,0.02320155533782173,0.04750502834980218,-0.0786362106074587,0.032394923705095016,0.009299998037096469,-0.12243656811611801,-0.018351855817506046
-0.06610074489454415,-0.1387875747215153,-0.636499291462339,0.16161481397970492,-0.10780320267934246,-0.11411872828965751,0.07080225102107025,0.054877063278443584,-0.056262405164356856,0.05832912793765205,0.013047958158492723,-0.09441629793598065,-0.01685204539804273
-0.07412401118789913,-0.1761251721538712,-0.6689284046915601,-0.12448647235563688,-0.0920176827499359,-0.09530423283194397,0.03732712422812488,0.04072143777119314,-0.013773917294625236,0.03156015976183046,0.010248861615751169,-0.14250931267880804,-0.016473222766233277
-0.07247820622785611,-0.17740999193560164,-0.6581048294043507,-0.12327243892137094,-0.09260487559698359,-0.10254757369952,0.020872333106586923,0.04062835195871602,-0.0461416817146584,0.03147832533660488,0.008874065793853404,-0.1310796691417971,-0.017584851714518516
-0.06913136426384509,-0.17382946209182487,-0.6543393993619614,-0.11851494352022084,-0.09937896599808667,-0.10581846818431549,0.02320155533782173,0.04750502834980218,-0.0786362106074587,0.032394923705095016,0.009299998037096469,-0.12243656811611801,-0.018351855817506046
-0.06913136426384509,-0.1747001844289031,-0.6543393993619614,-0.11808413875667484,-0.0913996065234531,-0.10572480053898384,0.02320155533782173,0.04750502834980218,-0.05927981760241414,0.032394923705095016,0.009299998037096469,-0.12140592566527363,-0.017699890826437217
0.012432417663966884,-0.17636331463541266,-0.5804834085576519,-0.11128667589197196,-0.1548789513047881,-0.13159257044573713,-0.21275942534373155,0.04223014166302093,-0.03511911092886007,-0.0011631744180041152,0.0053634273060808564,-0.0999638800480006,-0.062094128538295344
0.012790412491818308,-0.18178957991548167,-0.5759961207692416,-0.1045559598280322,-0.16172362069600743,-0.1290652046906994,-0.23169111622998648,0.04367411763793423,0.013368880511002783,-0.00019602710977532076,-0.0006946747028764896,-0.005206292849696712,-0.07394261955743549
0.011595937935130037,-0.1825082933625468,-0.578631603835439,-0.10571347277073506,-0.16729781309308248,-0.12937742513282852,-0.2541923198339352,0.0372745297611544,-0.02062220431909248,-0.00474793515365534,-0.0030120825400587357,-0.08140204364292916,-0.0848477631719338
-0.01964450165504092,0.10732553175093999,-0.4143966084518373,-0.0805206434534353,-0.05354270957954179,-0.11166717493107126,0.025157558571812476,-0.025140446611888335,-0.06318799816852345,0.0532931049961827,0.05831735594129895,-0.036816628750481806,-0.009706021635033113
-0.01964450165504092,0.10732553175093999,-0.4143966084518373,-0.0805206434534353,-0.05354270957954179,-0.11166717493107126,0.025157558571812476,-0.025140446611888335,-0.06318799816852345,0.0532931049961827,0.05831735594129895,-0.036816628750481806,-0.009706021635033113
-0.01964450165504092,0.10690414371920975,-0.4143966084518373,-0.08186997058727492,-0.05354270957954179,-0.0941592602984833,0.025157558571812476,-0.025140446611888335,-0.06318799816852345,0.0532931049961827,0.05831735594129895,-0.03744423477369862,-0.009706021635033113
-0.01964450165504092,0.10612804578247427,-0.4143966084518373,-0.08186997058727492,-0.05355675785653662,-0.0941592602984833,0.028119120805917167,-0.025140446611888335,-0.06362694445828648,0.053072839376993516,0.05377442168381955,-0.046558514363036825,-0.010175597336717851
0.01966125123649639,-0.10573392768341143,-0.30068267110870417,-0.01651730665245168,0.3740223050497251,-0.025719685656149047,0.08260054235796858,0.0662346409473736,0.22812571641759352,-0.007592819634606956,-0.021379485935378775,0.0008714852406733351,0.06196427332289992
0.02740012877911046,-0.10112336530199767,-0.2697063923239283,-0.03844433152093581,0.37584782349146195,-0.03159605298924072,0.10962580805313397,0.07282906595419157,0.007966040573473875,-0.007884771877846967,-0.02231569037690528,-0.02978705893147844,0.06120072955074253
