ContainsCereals,MeanDiurnalRange,BulkDensity,AnnualMeanTemperature,Longitude,PrecipitationofWarmestQuarter,Isothermality,SoilOrganicCarbon,MeanTemperatureofWettestQuarter,PrecipitationofWettestMonth
1.665302365136365,11.90833377838135,0.82,2.020833253860474,-106.0,179.0,25.33687973022461,0.059,15.13333320617676,66.0
1.8402176361982354,11.90833377838135,0.81,2.020833253860474,-106.0,179.0,25.33687973022461,0.052,15.13333320617676,66.0
1.665302365136365,11.90833377838135,1.11,2.020833253860474,-106.0,179.0,25.33687973022461,0.036,15.13333320617676,66.0
1.9106698437411629,10.00833320617676,1.3916599999999995,16.46249961853027,-8.5,39.0,43.70451354980469,0.073256,11.85000038146973,109.0
1.9853822087682889,10.00833320617676,1.5037999999999994,16.46249961853027,-8.5,39.0,43.70451354980469,0.073256,11.85000038146973,109.0
1.9629313911711581,10.00833320617676,1.5048599999999996,16.46249961853027,-8.5,39.0,43.70451354980469,0.073256,11.85000038146973,109.0
1.9652465060787774,10.00833320617676,1.5231699999999992,16.46249961853027,-8.5,39.0,43.70451354980469,0.073256,11.85000038146973,109.0
2.006590767373027,10.00833320617676,1.4192999999999998,16.46249961853027,-8.5,39.0,43.70451354980469,0.073256,11.85000038146973,109.0
2.0078957756697067,10.00833320617676,1.3976899999999992,16.46249961853027,-8.5,39.0,43.70451354980469,0.073256,11.85000038146973,109.0
2.0474298034352416,10.00833320617676,1.3862199999999993,16.46249961853027,-8.5,39.0,43.70451354980469,0.073256,11.85000038146973,109.0
2.0804086666924793,10.00833320617676,1.3940799999999993,16.46249961853027,-8.5,39.0,43.70451354980469,0.073256,11.85000038146973,109.0
2.0977461143064833,10.00833320617676,1.3877799999999993,16.46249961853027,-8.5,39.0,43.70451354980469,0.073256,11.85000038146973,109.0
2.115056637784577,10.00833320617676,1.3889799999999994,16.46249961853027,-8.5,39.0,43.70451354980469,0.073256,11.85000038146973,109.0
2.1083568059324675,11.35833358764648,1.42,17.8791675567627,-1.0,41.0,41.60561370849609,0.0062209,19.0,46.0
2.094978969749863,11.35833358764648,1.36,17.8791675567627,-1.0,41.0,41.60561370849609,0.0062209,19.0,46.0
2.082127935552776,8.716666221618652,1.3871290953600002,10.57499980926514,1.8,147.0,35.87105560302734,0.010291,15.76666641235352,63.0
2.108910628586858,8.716666221618652,1.3986586308099993,10.57499980926514,1.8,147.0,35.87105560302734,0.010872,15.76666641235352,63.0
2.1143442776748276,8.716666221618652,1.3564272616199997,10.57499980926514,1.8,147.0,35.87105560302734,0.010814,15.76666641235352,63.0
2.1010304368944563,8.716666221618652,1.4300386308099993,10.57499980926514,1.8,147.0,35.87105560302734,0.010291,15.76666641235352,63.0
2.134617791333482,8.716666221618652,1.4074886308099992,10.57499980926514,1.8,147.0,35.87105560302734,0.010291,15.76666641235352,63.0
2.149004408783185,8.716666221618652,1.3626372616199995,10.57499980926514,1.8,147.0,35.87105560302734,0.0057,15.76666641235352,63.0
2.163774515224959,8.716666221618652,1.3582968948699996,10.57499980926514,1.8,147.0,35.87105560302734,0.0057,15.76666641235352,63.0
1.5508024909897822,16.29999923706055,1.18,13.72500038146973,-102.0,222.0,41.58163452148438,0.01,24.39999961853027,86.0
2.1676741701277544,16.29999923706055,1.25,13.72500038146973,-102.0,222.0,41.58163452148438,0.013,24.39999961853027,86.0
2.1507566037081016,16.29999923706055,1.17,13.72500038146973,-102.0,222.0,41.58163452148438,0.0225,24.39999961853027,86.0
1.6726973645230572,16.29999923706055,1.18,13.72500038146973,-102.0,222.0,41.58163452148438,0.01,24.39999961853027,86.0
2.1460668101978473,16.29999923706055,1.25,13.72500038146973,-102.0,222.0,41.58163452148438,0.013,24.39999961853027,86.0
2.1174791387299177,16.29999923706055,1.17,13.72500038146973,-102.0,222.0,41.58163452148438,0.0225,24.39999961853027,86.0
1.6918103708342571,16.29999923706055,1.18,13.72500038146973,-102.0,222.0,41.58163452148438,0.01,24.39999961853027,86.0
2.09414536239614,16.29999923706055,1.25,13.72500038146973,-102.0,222.0,41.58163452148438,0.013,24.39999961853027,86.0
2.0736149711711387,16.29999923706055,1.17,13.72500038146973,-102.0,222.0,41.58163452148438,0.0225,24.39999961853027,86.0
2.063058817314641,10.32499980926514,1.384839999999999,6.3125,-75.0,278.0,25.12165451049805,0.0216,18.38333320617676,96.0
2.052027363464937,10.32499980926514,1.3946399999999992,6.3125,-75.0,278.0,25.12165451049805,0.0216,18.38333320617676,96.0
2.029758474839027,11.94166660308838,1.37,6.945833206176758,-89.5,298.0,27.77131843566895,0.0052326,18.89999961853027,103.0
2.05736579611933,11.94166660308838,1.57,6.945833206176758,-89.5,298.0,27.77131843566895,0.0046512,18.89999961853027,103.0
2.076956734656107,10.58333301544189,1.13,11.02499961853027,-76.0,321.0,30.32473754882812,0.11,19.8166675567627,114.0
2.062366320682687,10.58333301544189,1.5,11.02499961853027,-76.0,321.0,30.32473754882812,0.015,19.8166675567627,114.0
2.051255899494092,10.58333301544189,1.58,11.02499961853027,-76.0,321.0,30.32473754882812,0.03,19.8166675567627,114.0
2.0390239776403303,10.58333301544189,1.69,11.02499961853027,-76.0,321.0,30.32473754882812,0.014,19.8166675567627,114.0
2.0200313829710166,10.58333301544189,1.13,11.02499961853027,-76.0,321.0,30.32473754882812,0.11,19.8166675567627,114.0
2.0094226761892306,10.58333301544189,1.5,11.02499961853027,-76.0,321.0,30.32473754882812,0.015,19.8166675567627,114.0
1.9926757362984773,10.58333301544189,1.58,11.02499961853027,-76.0,321.0,30.32473754882812,0.03,19.8166675567627,114.0
1.9829303006512184,10.58333301544189,1.69,11.02499961853027,-76.0,321.0,30.32473754882812,0.014,19.8166675567627,114.0
1.9638403679391085,11.19999980926514,0.88,8.408333778381348,-78.0,308.0,31.63841819763184,0.071,17.25,115.0
1.9585575287748327,11.19999980926514,1.56,8.408333778381348,-78.0,308.0,31.63841819763184,0.014,17.25,115.0
1.9585409103438622,11.19999980926514,1.47,8.408333778381348,-78.0,308.0,31.63841819763184,0.02,17.25,115.0
1.955725727758221,11.19999980926514,1.59,8.408333778381348,-78.0,308.0,31.63841819763184,0.012,17.25,115.0
1.9611772200269735,11.19999980926514,0.88,8.408333778381348,-78.0,308.0,31.63841819763184,0.071,17.25,115.0
1.9522746542438458,11.19999980926514,1.56,8.408333778381348,-78.0,308.0,31.63841819763184,0.014,17.25,115.0
1.9396557002091768,11.19999980926514,1.47,8.408333778381348,-78.0,308.0,31.63841819763184,0.02,17.25,115.0
1.9282886153970995,11.19999980926514,1.59,8.408333778381348,-78.0,308.0,31.63841819763184,0.012,17.25,115.0
1.9188695798697628,10.58333301544189,1.64,11.02499961853027,-76.0,321.0,30.32473754882812,0.11,19.8166675567627,114.0
1.9238075301360034,10.58333301544189,1.6,11.02499961853027,-76.0,321.0,30.32473754882812,0.013,19.8166675567627,114.0
1.9129586637213072,10.58333301544189,1.55,11.02499961853027,-76.0,321.0,30.32473754882812,0.021,19.8166675567627,114.0
1.909159724266245,10.58333301544189,1.78,11.02499961853027,-76.0,321.0,30.32473754882812,0.005,19.8166675567627,114.0
1.9080224998849329,10.58333301544189,1.64,11.02499961853027,-76.0,321.0,30.32473754882812,0.11,19.8166675567627,114.0
1.9046111452503545,10.58333301544189,1.6,11.02499961853027,-76.0,321.0,30.32473754882812,0.013,19.8166675567627,114.0
1.9031705969270045,10.58333301544189,1.55,11.02499961853027,-76.0,321.0,30.32473754882812,0.021,19.8166675567627,114.0
1.886738408977403,10.58333301544189,1.78,11.02499961853027,-76.0,321.0,30.32473754882812,0.005,19.8166675567627,114.0
1.7503595197351671,11.25,1.22,15.23333358764648,-0.06667,78.0,37.62541961669922,0.011,16.0,51.0
1.7796097764225889,11.25,1.14,15.23333358764648,-0.06667,78.0,37.62541961669922,0.011,16.0,51.0
1.7961035245106236,11.25,1.3,15.23333358764648,-0.06667,78.0,37.62541961669922,0.011,16.0,51.0
1.8856411466538934,12.81666660308838,0.75,8.458333015441895,-117.0,92.0,37.69607925415039,0.0371,0.01666667126119137,66.0
1.7680758692086112,12.81666660308838,1.1,8.458333015441895,-117.0,92.0,37.69607925415039,0.0147,0.01666667126119137,66.0
1.7180842193174655,12.81666660308838,1.1,8.458333015441895,-117.0,92.0,37.69607925415039,0.0182,0.01666667126119137,66.0
1.8974785051633978,12.81666660308838,0.9,8.458333015441895,-117.0,92.0,37.69607925415039,0.0319,0.01666667126119137,66.0
1.6947483355636386,12.81666660308838,1.25,8.458333015441895,-117.0,92.0,37.69607925415039,0.0143,0.01666667126119137,66.0
1.6499585187597154,12.81666660308838,1.25,8.458333015441895,-117.0,92.0,37.69607925415039,0.0134,0.01666667126119137,66.0
1.9038022948778106,12.81666660308838,0.75,8.458333015441895,-117.0,92.0,37.69607925415039,0.0371,0.01666667126119137,66.0
1.635980208139178,12.81666660308838,1.1,8.458333015441895,-117.0,92.0,37.69607925415039,0.0147,0.01666667126119137,66.0
1.6094713005738572,12.81666660308838,1.1,8.458333015441895,-117.0,92.0,37.69607925415039,0.0182,0.01666667126119137,66.0
1.9172996509539633,12.81666660308838,0.9,8.458333015441895,-117.0,92.0,37.69607925415039,0.0319,0.01666667126119137,66.0
1.6131540962931266,12.81666660308838,1.25,8.458333015441895,-117.0,92.0,37.69607925415039,0.0143,0.01666667126119137,66.0
1.9227007883557774,12.81666660308838,0.75,8.458333015441895,-117.0,92.0,37.69607925415039,0.0371,0.01666667126119137,66.0
1.6224367192304918,12.81666660308838,1.1,8.458333015441895,-117.0,92.0,37.69607925415039,0.0147,0.01666667126119137,66.0
1.9426734552107892,12.81666660308838,0.9,8.458333015441895,-117.0,92.0,37.69607925415039,0.0319,0.01666667126119137,66.0
1.6149050316723066,12.81666660308838,1.1,8.458333015441895,-117.0,92.0,37.69607925415039,0.0147,0.01666667126119137,66.0
1.6311611249212379,12.81666660308838,1.1,8.458333015441895,-117.0,92.0,37.69607925415039,0.0182,0.01666667126119137,66.0
1.6445629540620097,12.81666660308838,1.1,8.458333015441895,-117.0,92.0,37.69607925415039,0.0182,0.01666667126119137,66.0
1.9547989096966365,12.81666660308838,0.9,8.458333015441895,-117.0,92.0,37.69607925415039,0.0319,0.01666667126119137,66.0
1.6708638136040985,12.81666660308838,1.25,8.458333015441895,-117.0,92.0,37.69607925415039,0.0134,0.01666667126119137,66.0
1.674873872127397,11.48333358764648,1.2959189486499993,14.05000019073486,1.0,113.0,38.66442108154297,0.013954,14.98333358764648,57.0
1.6645671334664232,11.48333358764648,1.3026089486499999,14.05000019073486,1.0,113.0,38.66442108154297,0.013954,14.98333358764648,57.0
1.6486057103806393,11.48333358764648,1.3067803422900002,14.05000019073486,1.0,113.0,38.66442108154297,0.013954,14.98333358764648,57.0
1.9726625954391848,11.72500038146973,1.66,16.54583358764648,-8.0,31.0,44.75190734863281,0.0085,11.63333320617676,99.0
1.9526591409174723,11.72500038146973,1.83,16.54583358764648,-8.0,31.0,44.75190734863281,0.0083,11.63333320617676,99.0
1.9323416428580453,11.72500038146973,1.62,16.54583358764648,-8.0,31.0,44.75190734863281,0.0114,11.63333320617676,99.0
1.9108468242849235,11.72500038146973,1.7,16.54583358764648,-8.0,31.0,44.75190734863281,0.0074,11.63333320617676,99.0
1.8942582072002996,8.008333206176758,1.28,5.679166793823242,17.6,189.0,27.90359878540039,0.017,14.23333358764648,70.0
1.9050991713446062,8.791666984558105,1.44,12.37083339691162,175.3,229.0,47.01426315307617,0.04,8.666666030883789,115.0
1.909398136577194,13.64166641235352,1.2950400000000004,8.012499809265137,110.3,256.0,29.98168563842773,0.0034,19.73333358764648,109.0
1.904350706873216,13.64166641235352,1.2888417114900008,8.012499809265137,110.3,256.0,29.98168563842773,0.0034,19.73333358764648,109.0
1.8985590468690867,13.64166641235352,1.2855313447400007,8.012499809265137,110.3,256.0,29.98168563842773,0.0034,19.73333358764648,109.0
1.8882937253644094,13.64166641235352,1.2705113447400003,8.012499809265137,110.3,256.0,29.98168563842773,0.003,19.73333358764648,109.0
1.8843794044415967,13.64166641235352,1.2674113447400004,8.012499809265137,110.3,256.0,29.98168563842773,0.003,19.73333358764648,109.0
1.8811794458004418,13.64166641235352,1.2703113447400007,8.012499809265137,110.3,256.0,29.98168563842773,0.003,19.73333358764648,109.0
1.8760824815421915,13.64166641235352,1.2558113447400006,8.012499809265137,110.3,256.0,29.98168563842773,0.003,19.73333358764648,109.0
1.8687868022647025,13.64166641235352,1.2397613447400002,8.012499809265137,110.3,256.0,29.98168563842773,0.0024,19.73333358764648,109.0
1.8656335719250303,13.64166641235352,1.2399613447400002,8.012499809265137,110.3,256.0,29.98168563842773,0.0024,19.73333358764648,109.0
1.862226794020462,13.64166641235352,1.2469113447400006,8.012499809265137,110.3,256.0,29.98168563842773,0.0024,19.73333358764648,109.0
1.8554720471491488,13.64166641235352,1.2535113447400006,8.012499809265137,110.3,256.0,29.98168563842773,0.0024,19.73333358764648,109.0
1.8482156880441447,13.64166641235352,1.2434613447400003,8.012499809265137,110.3,256.0,29.98168563842773,0.0027,19.73333358764648,109.0
1.8450279207342746,13.64166641235352,1.2434613447400003,8.012499809265137,110.3,256.0,29.98168563842773,0.0027,19.73333358764648,109.0
1.843990424777803,13.64166641235352,1.2611113447400006,8.012499809265137,110.3,256.0,29.98168563842773,0.0027,19.73333358764648,109.0
1.8399539350634864,13.64166641235352,1.2610113447400007,8.012499809265137,110.3,256.0,29.98168563842773,0.0027,19.73333358764648,109.0
1.830114580838924,15.10833358764648,1.52,18.22916603088379,52.5,2.0,39.75876998901367,0.0136,8.266666412353516,46.0
1.8175874780154142,10.5,1.37,11.81666660308838,172.5,150.0,49.52830123901367,0.022,12.33333301544189,79.0
1.6067599599969677,10.5,1.25,11.81666660308838,172.5,150.0,49.52830123901367,0.029,12.33333301544189,79.0
1.8129413183528744,11.375,1.1995100000000003,7.170833587646484,-93.0,315.0,25.33407592773438,0.031,21.26666641235352,111.0
1.8055511936966844,11.375,1.1838100000000005,7.170833587646484,-93.0,315.0,25.33407592773438,0.031,21.26666641235352,111.0
1.793945375252884,11.375,1.1823100000000002,7.170833587646484,-93.0,315.0,25.33407592773438,0.031,21.26666641235352,111.0
1.6261666477441106,10.38333320617676,1.01,11.82499980926514,172.5,147.0,49.68102264404297,0.0255,6.866666793823242,68.0
1.628168441987733,10.38333320617676,1.25,11.82499980926514,172.5,147.0,49.68102264404297,0.0255,6.866666793823242,68.0
1.6052402021146663,10.38333320617676,1.24,11.82499980926514,172.5,147.0,49.68102264404297,0.0255,6.866666793823242,68.0
1.5994220879325578,10.38333320617676,1.24,11.82499980926514,172.5,147.0,49.68102264404297,0.0255,6.866666793823242,68.0
1.5915195383883216,10.38333320617676,1.32,11.82499980926514,172.5,147.0,49.68102264404297,0.0255,6.866666793823242,68.0
1.5834723798222652,10.38333320617676,1.34,11.82499980926514,172.5,147.0,49.68102264404297,0.0255,6.866666793823242,68.0
1.5606556961529436,11.51666641235352,1.53,18.64999961853027,-6.0,27.0,40.83924102783203,0.0054,12.59999942779541,94.0
1.5546700887949616,11.51666641235352,1.26,18.64999961853027,-6.0,27.0,40.83924102783203,0.0054,12.59999942779541,94.0
1.5633231414536908,11.51666641235352,1.65,18.64999961853027,-6.0,27.0,40.83924102783203,0.0054,12.59999942779541,94.0
1.5341794706356051,11.51666641235352,1.39,18.64999961853027,-6.0,27.0,40.83924102783203,0.0054,12.59999942779541,94.0
1.5501777828692587,9.291666984558105,1.2,7.320833206176758,-81.0,262.0,25.882080078125,0.037,9.25,99.0
1.5660054333745372,9.291666984558105,1.2,7.320833206176758,-81.0,262.0,25.882080078125,0.037,9.25,99.0
1.5822570394850708,9.291666984558105,1.4,7.320833206176758,-81.0,262.0,25.882080078125,0.019,9.25,99.0
1.5905555438910504,9.291666984558105,1.4,7.320833206176758,-81.0,262.0,25.882080078125,0.019,9.25,99.0
1.603385507220402,9.291666984558105,1.1,7.320833206176758,-81.0,262.0,25.882080078125,0.031,9.25,99.0
1.618499881783695,12.60000038146973,1.23,15.61666679382324,146.0,108.0,45.65217590332031,0.0115,9.766666412353516,55.0
1.6246403827706832,12.60000038146973,1.33,15.61666679382324,146.0,108.0,45.65217590332031,0.0115,9.766666412353516,55.0
1.7883177937459898,12.55833339691162,1.4627038630800002,27.94583320617676,-1.0,129.0,62.47927474975586,0.0077,25.98333358764648,234.0
1.7915283712497472,12.55833339691162,1.4734755501200005,27.94583320617676,-1.0,129.0,62.47927474975586,0.0077,25.98333358764648,234.0
1.7941965342697135,12.55833339691162,1.4781955501200001,27.94583320617676,-1.0,129.0,62.47927474975586,0.0077,25.98333358764648,234.0
1.7967948278471528,12.55833339691162,1.4846455501200004,27.94583320617676,-1.0,129.0,62.47927474975586,0.0077,25.98333358764648,234.0
1.799575916311831,12.32499980926514,1.56,26.78750038146973,78.6,142.0,48.14452743530273,0.00684,26.48333358764648,163.0
1.6257576669246894,12.32499980926514,1.62,26.78750038146973,78.6,142.0,48.14452743530273,0.00625,26.48333358764648,163.0
1.7992781669987399,12.32499980926514,1.41,26.78750038146973,78.6,142.0,48.14452743530273,0.00889,26.48333358764648,163.0
1.8005337076677033,12.32499980926514,1.37,26.78750038146973,78.6,142.0,48.14452743530273,0.01782,26.48333358764648,163.0
1.8064959815771033,8.741666793823242,1.05,13.73750019073486,135.3,520.0,27.57623481750488,0.0242,20.89999961853027,205.0
1.8101579962860064,8.741666793823242,1.1,13.73750019073486,135.3,520.0,27.57623481750488,0.0117,20.89999961853027,205.0
1.8150762699357956,8.741666793823242,1.15,13.73750019073486,135.3,520.0,27.57623481750488,0.0064,20.89999961853027,205.0
1.8064099825306539,8.741666793823242,1.05,13.73750019073486,135.3,520.0,27.57623481750488,0.0242,20.89999961853027,205.0
1.8008355902245317,8.741666793823242,1.1,13.73750019073486,135.3,520.0,27.57623481750488,0.0117,20.89999961853027,205.0
1.7940597419243713,8.741666793823242,1.15,13.73750019073486,135.3,520.0,27.57623481750488,0.0064,20.89999961853027,205.0
1.7937463877474276,10.25833320617676,1.4110299755500006,18.02083396911621,-6.2,24.0,41.19812774658203,0.006,12.86666679382324,97.0
1.7907268734617605,9.75,1.09,13.26666641235352,1.4,159.0,37.937744140625,0.01,15.23333358764648,76.0
1.7919335447067408,9.75,1.43,13.26666641235352,1.4,159.0,37.937744140625,0.01,15.23333358764648,76.0
1.789399604572519,9.75,1.07,13.26666641235352,1.4,159.0,37.937744140625,0.008,15.23333358764648,76.0
1.7909687962152439,9.75,1.42,13.26666641235352,1.4,159.0,37.937744140625,0.008,15.23333358764648,76.0
1.788356085208564,9.75,1.28,13.26666641235352,1.4,159.0,37.937744140625,0.013,15.23333358764648,76.0
1.7859148235610212,9.75,1.4,13.26666641235352,1.4,159.0,37.937744140625,0.013,15.23333358764648,76.0
1.7831114152620813,9.75,1.23,13.26666641235352,1.4,159.0,37.937744140625,0.013,15.23333358764648,76.0
1.7814369837327306,9.75,1.41,13.26666641235352,1.4,159.0,37.937744140625,0.013,15.23333358764648,76.0
1.7791647571194997,9.75,1.21,13.26666641235352,1.4,159.0,37.937744140625,0.012,15.23333358764648,76.0
1.7794404187297614,9.75,1.4,13.26666641235352,1.4,159.0,37.937744140625,0.012,15.23333358764648,76.0
1.7767831001608747,9.75,1.23,13.26666641235352,1.4,159.0,37.937744140625,0.013,15.23333358764648,76.0
1.775720480830271,9.75,1.4,13.26666641235352,1.4,159.0,37.937744140625,0.013,15.23333358764648,76.0
1.77280264092921,9.75,1.35,13.26666641235352,1.4,159.0,37.937744140625,0.01,15.23333358764648,76.0
1.770711114764502,9.75,1.39,13.26666641235352,1.4,159.0,37.937744140625,0.01,15.23333358764648,76.0
1.7675250369346518,9.75,1.34,13.26666641235352,1.4,159.0,37.937744140625,0.008,15.23333358764648,76.0
1.765192970971265,9.75,1.38,13.26666641235352,1.4,159.0,37.937744140625,0.008,15.23333358764648,76.0
1.7614512139633154,9.75,1.42,13.26666641235352,1.4,159.0,37.937744140625,0.013,15.23333358764648,76.0
1.75803118727627,9.75,1.4,13.26666641235352,1.4,159.0,37.937744140625,0.013,15.23333358764648,76.0
1.75483198231425,9.75,1.21,13.26666641235352,1.4,159.0,37.937744140625,0.013,15.23333358764648,76.0
1.7512796991340784,9.75,1.41,13.26666641235352,1.4,159.0,37.937744140625,0.013,15.23333358764648,76.0
1.7485433412464015,9.75,1.24,13.26666641235352,1.4,159.0,37.937744140625,0.012,15.23333358764648,76.0
1.7456206930815648,9.75,1.43,13.26666641235352,1.4,159.0,37.937744140625,0.012,15.23333358764648,76.0
1.7419760044278123,9.75,1.24,13.26666641235352,1.4,159.0,37.937744140625,0.013,15.23333358764648,76.0
1.7392313991628536,9.75,1.37,13.26666641235352,1.4,159.0,37.937744140625,0.013,15.23333358764648,76.0
1.7360702908514067,9.75,0.97,13.26666641235352,1.4,159.0,37.937744140625,0.01,15.23333358764648,76.0
1.73965780715055,9.75,1.5,13.26666641235352,1.4,159.0,37.937744140625,0.01,15.23333358764648,76.0
1.7383965712048326,9.75,1.05,13.26666641235352,1.4,159.0,37.937744140625,0.008,15.23333358764648,76.0
1.743033969863264,9.75,1.5,13.26666641235352,1.4,159.0,37.937744140625,0.008,15.23333358764648,76.0
1.7404238702045685,9.75,1.13,13.26666641235352,1.4,159.0,37.937744140625,0.013,15.23333358764648,76.0
1.7421295402519938,9.75,1.5,13.26666641235352,1.4,159.0,37.937744140625,0.013,15.23333358764648,76.0
1.7401568766519975,9.75,1.31,13.26666641235352,1.4,159.0,37.937744140625,0.013,15.23333358764648,76.0
1.741032815694042,9.75,1.34,13.26666641235352,1.4,159.0,37.937744140625,0.013,15.23333358764648,76.0
1.742452422254161,9.75,1.33,13.26666641235352,1.4,159.0,37.937744140625,0.012,15.23333358764648,76.0
1.7435175062276456,9.75,1.37,13.26666641235352,1.4,159.0,37.937744140625,0.012,15.23333358764648,76.0
1.7444246927969889,9.75,1.23,13.26666641235352,1.4,159.0,37.937744140625,0.013,15.23333358764648,76.0
1.743270433153414,9.75,1.4,13.26666641235352,1.4,159.0,37.937744140625,0.013,15.23333358764648,76.0
1.7414206650606647,12.36666679382324,1.22,10.64999961853027,45.0,23.0,33.51400375366211,0.0085,9.75,65.0
1.7471574693755414,12.36666679382324,1.21,10.64999961853027,45.0,23.0,33.51400375366211,0.0085,9.75,65.0
1.7551721054792284,12.36666679382324,1.17,10.64999961853027,45.0,23.0,33.51400375366211,0.0085,9.75,65.0
1.763174575517123,12.36666679382324,1.19,10.64999961853027,45.0,23.0,33.51400375366211,0.0103,9.75,65.0
1.7695601121960522,12.36666679382324,1.22,10.64999961853027,45.0,23.0,33.51400375366211,0.0103,9.75,65.0
1.775537632964338,12.36666679382324,1.25,10.64999961853027,45.0,23.0,33.51400375366211,0.0103,9.75,65.0
1.7813462573908099,12.36666679382324,1.26,10.64999961853027,45.0,23.0,33.51400375366211,0.0072,9.75,65.0
1.7854865140102958,12.36666679382324,1.28,10.64999961853027,45.0,23.0,33.51400375366211,0.0072,9.75,65.0
1.791294489582327,12.36666679382324,1.32,10.64999961853027,45.0,23.0,33.51400375366211,0.0072,9.75,65.0
1.7971766045405142,12.36666679382324,1.24,10.64999961853027,45.0,23.0,33.51400375366211,0.0106,9.75,65.0
1.7971069702382991,12.36666679382324,1.26,10.64999961853027,45.0,23.0,33.51400375366211,0.0106,9.75,65.0
1.7997639519068496,12.36666679382324,1.2,10.64999961853027,45.0,23.0,33.51400375366211,0.0106,9.75,65.0
1.8023351663800278,13.53333377838135,1.3030213447400003,7.658333301544189,110.4,258.0,29.80910491943359,0.0042,19.38333320617676,109.0
1.8006913558433417,13.53333377838135,1.2606413447400007,7.658333301544189,110.4,258.0,29.80910491943359,0.0042,19.38333320617676,109.0
1.6245260859914286,9.199999809265137,1.25,10.13333320617676,16.6,202.0,31.18644142150879,0.024,19.54999923706055,71.0
1.6353965554716945,9.199999809265137,1.21,10.13333320617676,16.6,202.0,31.18644142150879,0.024,19.54999923706055,71.0
1.6374578713619583,9.199999809265137,1.4,10.13333320617676,16.6,202.0,31.18644142150879,0.024,19.54999923706055,71.0
1.6428415676682344,9.199999809265137,1.37,10.13333320617676,16.6,202.0,31.18644142150879,0.024,19.54999923706055,71.0
1.6548359500566756,9.199999809265137,1.39,10.13333320617676,16.6,202.0,31.18644142150879,0.024,19.54999923706055,71.0
1.6650673748148386,9.199999809265137,1.45,10.13333320617676,16.6,202.0,31.18644142150879,0.024,19.54999923706055,71.0
1.6601094776430456,9.199999809265137,1.36,10.13333320617676,16.6,202.0,31.18644142150879,0.024,19.54999923706055,71.0
1.6664759987240694,9.199999809265137,1.3,10.13333320617676,16.6,202.0,31.18644142150879,0.024,19.54999923706055,71.0
1.660523517488591,9.199999809265137,1.46,10.13333320617676,16.6,202.0,31.18644142150879,0.024,19.54999923706055,71.0
1.660014821805861,9.199999809265137,1.39,10.13333320617676,16.6,202.0,31.18644142150879,0.024,19.54999923706055,71.0
1.6612884708594224,9.199999809265137,1.42,10.13333320617676,16.6,202.0,31.18644142150879,0.024,19.54999923706055,71.0
1.6577613909317688,9.199999809265137,1.5,10.13333320617676,16.6,202.0,31.18644142150879,0.024,19.54999923706055,71.0
1.6534676473885062,9.199999809265137,1.4,10.13333320617676,16.6,202.0,31.18644142150879,0.024,19.54999923706055,71.0
1.6483796070040697,9.199999809265137,1.46,10.13333320617676,16.6,202.0,31.18644142150879,0.024,19.54999923706055,71.0
1.6439243593820219,9.199999809265137,1.39,10.13333320617676,16.6,202.0,31.18644142150879,0.024,19.54999923706055,71.0
1.651377767340462,9.199999809265137,1.34,10.13333320617676,16.6,202.0,31.18644142150879,0.024,19.54999923706055,71.0
1.6580294096126793,9.199999809265137,1.51,10.13333320617676,16.6,202.0,31.18644142150879,0.024,19.54999923706055,71.0
1.6642673393030551,9.199999809265137,1.3,10.13333320617676,16.6,202.0,31.18644142150879,0.024,19.54999923706055,71.0
1.6734843120274436,9.199999809265137,1.29,10.13333320617676,16.6,202.0,31.18644142150879,0.024,19.54999923706055,71.0
1.690949057924844,9.199999809265137,1.42,10.13333320617676,16.6,202.0,31.18644142150879,0.024,19.54999923706055,71.0
1.6988496582912327,9.199999809265137,1.3,10.13333320617676,16.6,202.0,31.18644142150879,0.024,19.54999923706055,71.0
1.7000644884581873,9.199999809265137,1.25,10.13333320617676,16.6,202.0,31.18644142150879,0.024,19.54999923706055,71.0
1.7057522845129596,9.199999809265137,1.44,10.13333320617676,16.6,202.0,31.18644142150879,0.024,19.54999923706055,71.0
1.70202560674651,9.199999809265137,1.32,10.13333320617676,16.6,202.0,31.18644142150879,0.024,19.54999923706055,71.0
1.70645098560604,9.199999809265137,1.28,10.13333320617676,16.6,202.0,31.18644142150879,0.024,19.54999923706055,71.0
1.716394684076269,9.199999809265137,1.39,10.13333320617676,16.6,202.0,31.18644142150879,0.024,19.54999923706055,71.0
1.7156009343940921,9.199999809265137,1.3,10.13333320617676,16.6,202.0,31.18644142150879,0.024,19.54999923706055,71.0
1.7271007929982427,9.199999809265137,1.27,10.13333320617676,16.6,202.0,31.18644142150879,0.024,19.54999923706055,71.0
1.733950153728254,9.199999809265137,1.33,10.13333320617676,16.6,202.0,31.18644142150879,0.024,19.54999923706055,71.0
1.7984816777031352,9.149999618530273,1.3168080929100003,10.16666698455811,16.58333,202.0,31.01694869995117,0.025,17.98333358764648,72.0
1.797377462000542,9.149999618530273,1.29769809291,10.16666698455811,16.58333,202.0,31.01694869995117,0.025,17.98333358764648,72.0
1.7963987251012492,9.149999618530273,1.2825467481699995,10.16666698455811,16.58333,202.0,31.01694869995117,0.025,17.98333358764648,72.0
1.7969982877464992,9.149999618530273,1.2940467481699998,10.16666698455811,16.58333,202.0,31.01694869995117,0.025,17.98333358764648,72.0
1.7982240888513654,9.149999618530273,1.2999196088000002,10.16666698455811,16.58333,202.0,31.01694869995117,0.025,17.98333358764648,72.0
1.8031057750506418,9.149999618530273,1.3199996088000003,10.16666698455811,16.58333,202.0,31.01694869995117,0.025,17.98333358764648,72.0
1.8083438671146992,9.149999618530273,1.29739855746,10.16666698455811,16.58333,202.0,31.01694869995117,0.025,17.98333358764648,72.0
1.8128067417065303,9.149999618530273,1.2969472127199995,10.16666698455811,16.58333,202.0,31.01694869995117,0.025,17.98333358764648,72.0
1.8176643035990399,9.149999618530273,1.2990296088,10.16666698455811,16.58333,202.0,31.01694869995117,0.025,17.98333358764648,72.0
1.821040526023057,9.149999618530273,1.30509855746,10.16666698455811,16.58333,202.0,31.01694869995117,0.025,17.98333358764648,72.0
1.8231214919168133,9.149999618530273,1.3045272127199994,10.16666698455811,16.58333,202.0,31.01694869995117,0.025,17.98333358764648,72.0
1.8272169509666034,9.149999618530273,1.32340721271,10.16666698455811,16.58333,202.0,31.01694869995117,0.025,17.98333358764648,72.0
1.8269977783780087,13.77499961853027,1.448,11.74583339691162,49.63333,14.0,36.83155059814453,0.0058,5.300000190734863,55.0
1.8334140243076018,13.77499961853027,1.467,11.74583339691162,49.63333,14.0,36.83155059814453,0.0059,5.300000190734863,55.0
1.8386177159970503,13.77499961853027,1.518,11.74583339691162,49.63333,14.0,36.83155059814453,0.0053,5.300000190734863,55.0
1.8439089275508094,13.77499961853027,1.519,11.74583339691162,49.63333,14.0,36.83155059814453,0.0052,5.300000190734863,55.0
1.8493850719207818,13.77499961853027,1.421,11.74583339691162,49.63333,14.0,36.83155059814453,0.0051,5.300000190734863,55.0
1.8554590125055985,13.77499961853027,1.392,11.74583339691162,49.63333,14.0,36.83155059814453,0.0058,5.300000190734863,55.0
1.8622174238989915,13.77499961853027,1.471,11.74583339691162,49.63333,14.0,36.83155059814453,0.0061,5.300000190734863,55.0
1.868713534078091,13.77499961853027,1.446,11.74583339691162,49.63333,14.0,36.83155059814453,0.0067,5.300000190734863,55.0
1.8729650515289948,15.13333320617676,1.3,10.79166698455811,50.38333,6.0,38.11922836303711,0.0186,0.5166666507720947,44.0
1.8726356149500867,15.13333320617676,1.37,10.79166698455811,50.38333,6.0,38.11922836303711,0.0148,0.5166666507720947,44.0
1.8710818287095519,15.625,1.24,11.23750019073486,50.46667,4.0,37.92475891113281,0.007,0.6666666865348816,51.0
1.871587827835428,15.625,1.27,11.23750019073486,50.46667,4.0,37.92475891113281,0.0081,0.6666666865348816,51.0
1.8712785046889118,15.625,1.23,11.23750019073486,50.46667,4.0,37.92475891113281,0.011,0.6666666865348816,51.0
1.8710506307830017,15.625,1.25,11.23750019073486,50.46667,4.0,37.92475891113281,0.008,0.6666666865348816,51.0
1.8697824400680954,10.31666660308838,1.27,18.95000076293945,-46.9,568.0,61.77644348144531,0.03,21.38333320617676,226.0
1.8678109252867052,10.31666660308838,1.24,18.95000076293945,-46.9,568.0,61.77644348144531,0.0201,21.38333320617676,226.0
1.8659811909463997,10.31666660308838,1.22,18.95000076293945,-46.9,568.0,61.77644348144531,0.0178,21.38333320617676,226.0
1.8654480154901179,10.31666660308838,1.29,18.95000076293945,-46.9,568.0,61.77644348144531,0.0321,21.38333320617676,226.0
1.8603026448498194,10.31666660308838,1.18,18.95000076293945,-46.9,568.0,61.77644348144531,0.0321,21.38333320617676,226.0
1.8595574442500007,10.31666660308838,1.33,18.95000076293945,-46.9,568.0,61.77644348144531,0.0256,21.38333320617676,226.0
1.857923694342135,10.31666660308838,1.23,18.95000076293945,-46.9,568.0,61.77644348144531,0.0145,21.38333320617676,226.0
1.8569582742455446,10.31666660308838,1.29,18.95000076293945,-46.9,568.0,61.77644348144531,0.0173,21.38333320617676,226.0
1.8551563210172912,10.31666660308838,1.22,18.95000076293945,-46.9,568.0,61.77644348144531,0.0213,21.38333320617676,226.0
1.8531809200498972,10.31666660308838,1.33,18.95000076293945,-46.9,568.0,61.77644348144531,0.022,21.38333320617676,226.0
1.8519123157860677,10.31666660308838,1.34,18.95000076293945,-46.9,568.0,61.77644348144531,0.019,21.38333320617676,226.0
1.850341286859657,10.31666660308838,1.42,18.95000076293945,-46.9,568.0,61.77644348144531,0.0174,21.38333320617676,226.0
1.8485188942442696,10.31666660308838,1.05,18.95000076293945,-46.9,568.0,61.77644348144531,0.0309,21.38333320617676,226.0
1.8471599631163216,10.31666660308838,1.03,18.95000076293945,-46.9,568.0,61.77644348144531,0.0348,21.38333320617676,226.0
1.8444221327019228,10.31666660308838,1.15,18.95000076293945,-46.9,568.0,61.77644348144531,0.0338,21.38333320617676,226.0
1.8442760567615715,10.31666660308838,1.02,18.95000076293945,-46.9,568.0,61.77644348144531,0.0311,21.38333320617676,226.0
1.8427815232436824,10.31666660308838,1.05,18.95000076293945,-46.9,568.0,61.77644348144531,0.0342,21.38333320617676,226.0
1.8404038146562909,10.31666660308838,0.99,18.95000076293945,-46.9,568.0,61.77644348144531,0.0278,21.38333320617676,226.0
1.8383099027167278,13.28333282470703,0.87,5.824999809265137,-112.763,158.0,33.29156112670898,0.017,15.31666660308838,75.0
1.8400456600362383,13.28333282470703,0.64,5.824999809265137,-112.763,158.0,33.29156112670898,0.017,15.31666660308838,75.0
1.8435641143619488,13.28333282470703,0.97,5.824999809265137,-112.763,158.0,33.29156112670898,0.017,15.31666660308838,75.0
1.8451452332575522,13.28333282470703,0.77,5.824999809265137,-112.763,158.0,33.29156112670898,0.017,15.31666660308838,75.0
1.8477754246318456,13.28333282470703,0.77,5.824999809265137,-112.763,158.0,33.29156112670898,0.017,15.31666660308838,75.0
1.8501946984696183,13.28333282470703,0.73,5.824999809265137,-112.763,158.0,33.29156112670898,0.017,15.31666660308838,75.0
1.852335900575499,13.28333282470703,0.57,5.824999809265137,-112.763,158.0,33.29156112670898,0.017,15.31666660308838,75.0
1.8553701774833997,13.28333282470703,1.0,5.824999809265137,-112.763,158.0,33.29156112670898,0.017,15.31666660308838,75.0
1.856803964014471,13.28333282470703,0.53,5.824999809265137,-112.763,158.0,33.29156112670898,0.017,15.31666660308838,75.0
1.859412877227251,13.28333282470703,0.5,5.824999809265137,-112.763,158.0,33.29156112670898,0.017,15.31666660308838,75.0
1.8626123228411922,15.23333358764648,1.4491748655400005,18.35833358764648,52.5875,2.0,40.29982376098633,0.012,8.449999809265137,46.0
1.85920868287867,15.23333358764648,1.4711185819100003,18.35833358764648,52.5875,2.0,40.29982376098633,0.012,8.449999809265137,46.0
1.8558302654327572,15.23333358764648,1.4700985819199999,18.35833358764648,52.5875,2.0,40.29982376098633,0.012,8.449999809265137,46.0
1.8522352003509979,15.23333358764648,1.4719685819200001,18.35833358764648,52.5875,2.0,40.29982376098633,0.012,8.449999809265137,46.0
1.8488567769707327,15.23333358764648,1.4719083863200004,18.35833358764648,52.5875,2.0,40.29982376098633,0.012,8.449999809265137,46.0
1.8445854535041235,15.23333358764648,1.4694032763100007,18.35833358764648,52.5875,2.0,40.29982376098633,0.012,8.449999809265137,46.0
1.8408168925850996,15.23333358764648,1.4698436186000006,18.35833358764648,52.5875,2.0,40.29982376098633,0.012,8.449999809265137,46.0
1.8363679396322854,13.91666698455811,1.383863081,15.03333282470703,89.2,10.0,26.11006927490234,0.0425,31.63333320617676,5.0
1.8344323511319913,13.91666698455811,1.509046455,15.03333282470703,89.2,10.0,26.11006927490234,0.0425,31.63333320617676,5.0
1.8316173703374563,13.91666698455811,1.518826406,15.03333282470703,89.2,10.0,26.11006927490234,0.0425,31.63333320617676,5.0
1.8283342776233351,13.91666698455811,1.521760391,15.03333282470703,89.2,10.0,26.11006927490234,0.0425,31.63333320617676,5.0
1.8243129979094117,13.91666698455811,1.51002445,15.03333282470703,89.2,10.0,26.11006927490234,0.0425,31.63333320617676,5.0
1.8207237348844647,13.91666698455811,1.327139364,15.03333282470703,89.2,10.0,26.11006927490234,0.0445,31.63333320617676,5.0
1.8187915733327606,13.91666698455811,1.370171149,15.03333282470703,89.2,10.0,26.11006927490234,0.0445,31.63333320617676,5.0
1.816657100472505,13.91666698455811,1.451344743,15.03333282470703,89.2,10.0,26.11006927490234,0.0445,31.63333320617676,5.0
1.8139674604783604,13.91666698455811,1.478728606,15.03333282470703,89.2,10.0,26.11006927490234,0.0445,31.63333320617676,5.0
1.8110550920125577,15.21666717529297,1.285085575,12.41666698455811,90.5,17.0,28.17901229858398,0.032,28.98333358764648,7.0
1.8098631855497798,15.21666717529297,1.436674817,12.41666698455811,90.5,17.0,28.17901229858398,0.032,28.98333358764648,7.0
1.8082638196855805,15.21666717529297,1.505134474,12.41666698455811,90.5,17.0,28.17901229858398,0.032,28.98333358764648,7.0
1.806466346918498,15.21666717529297,1.51198044,12.41666698455811,90.5,17.0,28.17901229858398,0.032,28.98333358764648,7.0
1.804793290348527,15.21666717529297,1.474816626,12.41666698455811,90.5,17.0,28.17901229858398,0.032,28.98333358764648,7.0
1.8027262157124684,15.21666717529297,1.340831296,12.41666698455811,90.5,17.0,28.17901229858398,0.033,28.98333358764648,7.0
1.8013406102674892,15.21666717529297,1.407334963,12.41666698455811,90.5,17.0,28.17901229858398,0.033,28.98333358764648,7.0
1.7998737879760276,15.21666717529297,1.474816626,12.41666698455811,90.5,17.0,28.17901229858398,0.033,28.98333358764648,7.0
1.7983468799386515,15.21666717529297,1.445476773,12.41666698455811,90.5,17.0,28.17901229858398,0.033,28.98333358764648,7.0
1.7965690415941042,8.391667366027832,1.512,18.5041675567627,116.9283,587.0,26.8104362487793,0.0096,22.48333358764648,329.0
1.7897429184696378,8.391667366027832,1.458,18.5041675567627,116.9283,587.0,26.8104362487793,0.0096,22.48333358764648,329.0
1.7846130007379166,8.391667366027832,1.485,18.5041675567627,116.9283,587.0,26.8104362487793,0.0096,22.48333358764648,329.0
1.7798641679151443,8.391667366027832,1.458,18.5041675567627,116.9283,587.0,26.8104362487793,0.0096,22.48333358764648,329.0
1.7755475754222225,8.391667366027832,1.539,18.5041675567627,116.9283,587.0,26.8104362487793,0.0096,22.48333358764648,329.0
1.768702306913656,8.391667366027832,1.377,18.5041675567627,116.9283,587.0,26.8104362487793,0.0096,22.48333358764648,329.0
1.7630806660535427,8.391667366027832,1.539,18.5041675567627,116.9283,587.0,26.8104362487793,0.0065,22.48333358764648,329.0
1.7575613652420936,8.391667366027832,1.485,18.5041675567627,116.9283,587.0,26.8104362487793,0.0065,22.48333358764648,329.0
1.7546210984109765,8.391667366027832,1.323,18.5041675567627,116.9283,587.0,26.8104362487793,0.0065,22.48333358764648,329.0
1.7483601385038205,8.391667366027832,1.404,18.5041675567627,116.9283,587.0,26.8104362487793,0.0065,22.48333358764648,329.0
1.7420417004634252,8.391667366027832,1.539,18.5041675567627,116.9283,587.0,26.8104362487793,0.0065,22.48333358764648,329.0
1.7357208801059358,8.391667366027832,1.539,18.5041675567627,116.9283,587.0,26.8104362487793,0.0065,22.48333358764648,329.0
1.7293977062141213,8.391667366027832,1.485,18.5041675567627,116.9283,587.0,26.8104362487793,0.0079,22.48333358764648,329.0
1.7252774660828252,8.391667366027832,1.431,18.5041675567627,116.9283,587.0,26.8104362487793,0.0079,22.48333358764648,329.0
1.7200820761366762,8.391667366027832,1.458,18.5041675567627,116.9283,587.0,26.8104362487793,0.0079,22.48333358764648,329.0
1.7156464577768096,8.391667366027832,1.458,18.5041675567627,116.9283,587.0,26.8104362487793,0.0079,22.48333358764648,329.0
1.7088822414704796,8.391667366027832,1.35,18.5041675567627,116.9283,587.0,26.8104362487793,0.0079,22.48333358764648,329.0
1.7034867041178774,8.391667366027832,1.377,18.5041675567627,116.9283,587.0,26.8104362487793,0.0079,22.48333358764648,329.0
1.6977525127317121,8.391667366027832,1.485,18.5041675567627,116.9283,587.0,26.8104362487793,0.0063,22.48333358764648,329.0
1.694128481585993,8.391667366027832,1.431,18.5041675567627,116.9283,587.0,26.8104362487793,0.0063,22.48333358764648,329.0
1.6904249875082422,8.391667366027832,1.296,18.5041675567627,116.9283,587.0,26.8104362487793,0.0063,22.48333358764648,329.0
1.6854572020936331,8.391667366027832,1.377,18.5041675567627,116.9283,587.0,26.8104362487793,0.0063,22.48333358764648,329.0
1.679454803799084,8.391667366027832,1.485,18.5041675567627,116.9283,587.0,26.8104362487793,0.0063,22.48333358764648,329.0
1.6742481460871368,8.391667366027832,1.431,18.5041675567627,116.9283,587.0,26.8104362487793,0.0063,22.48333358764648,329.0
1.6695615687051806,10.65833282470703,1.29,9.979166984558105,107.88,279.0,28.72866058349609,0.00275,20.11666679382324,113.0
1.66336736809441,10.65833282470703,1.23,9.979166984558105,107.88,279.0,28.72866058349609,0.0016,20.11666679382324,113.0
1.6584686854229649,10.65833282470703,1.22,9.979166984558105,107.88,279.0,28.72866058349609,0.00145,20.11666679382324,113.0
1.6512070948947282,8.958333969116211,1.4,26.51250076293945,99.26667,193.0,60.9410400390625,0.0235,26.33333396911621,203.0
1.6490594990905472,8.958333969116211,1.4,26.51250076293945,99.26667,193.0,60.9410400390625,0.0235,26.33333396911621,203.0
1.6466454872284646,8.958333969116211,1.4,26.51250076293945,99.26667,193.0,60.9410400390625,0.0235,26.33333396911621,203.0
1.643986418484139,8.958333969116211,1.4,26.51250076293945,99.26667,193.0,60.9410400390625,0.0235,26.33333396911621,203.0
1.6418907750138863,14.79166698455811,0.99,-0.4208332300186157,91.97464,280.0,40.41439056396484,0.0043,9.066666603088379,105.0
1.6438290950618972,14.79166698455811,1.31,-0.4208332300186157,91.97464,280.0,40.41439056396484,0.0018,9.066666603088379,105.0
