SoilTypeWRB,Method,AverageAridityIndex,AnnualPrecipitation,MeanTemperatureofDriestQuarter,SoilOrganicCarbon,MeanDiurnalRange,BulkDensity,Longitude,PrecipitationofDriestQuarter,MeanTemperatureofWarmestQuarter
0.057488497455290215,0.016499115448508312,0.010464942409128191,0.01646239309151995,-0.13178825877050476,0.0325390158963206,0.13941657718206688,0.2323843324284368,0.05450604441127522,-0.01660309673650999,-0.020100120541165556
-0.013135925896020131,0.005392050045095719,0.010535910047371073,0.0012578893409941198,-0.1302981558279424,0.04594283079405841,0.14209921449121135,0.21503019097386597,0.05512681261898101,-0.012264875938715029,-0.01942514818629673
-0.09530963648091086,0.0016379598594096622,0.00323116150025418,-0.006561771285766193,-0.12640137766784662,0.034085978606041824,0.1334650227961073,0.06647272381489687,0.0485816795351275,-0.0218536067217227,-0.03977052495403429
0.058476235644894695,0.04294701608605127,-0.0030803558465890314,0.0005071930180040964,0.2537141897110081,0.019791000564400616,-0.07246440380576726,0.09728991641537447,0.04930606644902615,-0.007349592645180364,0.035174342549327116
-0.07135675897169606,-0.0009661435257758992,-0.008484056389790835,0.01412323364513545,0.24438854801067797,0.03412193634471849,-0.0690315201050414,0.03405277698284853,0.03129383909411325,-0.00395438998565438,0.021655138653943345
0.04061218367225828,-0.021143298403096082,-0.0086922456386865,0.015661041879135817,0.24406557695187045,0.0169421485870355,-0.06902499721047026,0.007020403480698682,0.03629434953690499,-0.003892652187657434,0.01853912466609282
0.039795144763455526,-0.026371822204670152,-0.008736371139922738,0.015418124337882406,0.24406557695187045,0.016882079460682663,-0.06902499721047026,0.006707269874367162,0.03629434953690499,-0.003892652187657434,0.01853912466609282
-0.06522712774581316,0.012090992015436425,-0.007916825509380507,0.01448813936667921,0.24438854801067797,0.03262643132778111,-0.0690315201050414,0.008758902428433158,0.03661152874975653,-0.003892652187657434,0.021655138653943345
0.018978804837425645,-0.021331963115954443,-0.0086922456386865,0.017403057579491312,0.24406557695187045,0.0169421485870355,-0.06902499721047026,0.0064632481128896035,0.03629434953690499,-0.003892652187657434,0.01853912466609282
-0.07135675897169606,-0.015660444134559613,-0.008484056389790835,0.01414312166505848,0.24438854801067797,0.03440389600518804,-0.0690315201050414,0.003850191655783391,0.03129383909411325,-0.005572662827878686,0.021655138653943345
-0.07135675897169606,-0.015660444134559613,-0.008484056389790835,0.01414312166505848,0.24438854801067797,0.03440389600518804,-0.0690315201050414,0.003850191655783391,0.03129383909411325,-0.005572662827878686,0.021655138653943345
-0.07126600568446666,-0.015660444134559613,-0.011148902914799834,0.01414312166505848,0.24438854801067797,0.03440389600518804,-0.0690315201050414,0.0064242848935629525,0.03129383909411325,-0.005572662827878686,0.021655138653943345
-0.06415553151257733,-0.003437699199265324,-0.011148902914799834,0.015447404953740898,0.24493170686576182,0.03531568626641468,-0.0689453914471624,0.007553869912460396,0.03129383909411325,-0.005572662827878686,0.02366906921179758
0.05605148011999668,0.058021876377902994,0.1718507065267643,0.06205095588957557,0.197167216654827,0.13414434015296,-0.17150290631423795,-0.09087962044773566,0.08183942971351871,-0.017839468052006303,-0.004310379234502314
-0.07535302440869877,0.03510714423599766,0.16266044164710008,0.07867740682870228,0.27013544637224207,0.12159327920804375,-0.1306159208455858,0.0816381654434472,0.07697843103551458,-0.012470230533268898,-9.099722194133873e-05
0.05769218647407239,-0.03148433110889358,-0.08847834147845296,-0.07741300020636309,-0.11203629217426307,-0.021052647380815484,-0.18999362571436068,0.008029916562843848,0.04790834123766865,0.0063283951825805025,-0.058277917425702576
-0.016541514544603127,-0.022742737916055716,-0.08876415915598578,-0.07621583438053363,-0.10854057202526719,-0.02386057066286411,-0.18876135878650682,-0.016344251512827323,0.049345557122583185,0.006364358538468639,-0.05459741224523861
-0.04760110074019685,-0.016831041582372544,-0.08876415915598578,-0.07541356707487303,-0.10797539352376226,-0.030686029217383167,-0.18876135878650682,-0.023967257870157247,0.049610297644243496,0.0062494050999965635,-0.04603517514377083
-0.04559095499730126,0.0021547119530809923,-0.08547896292271048,-0.06997377056619489,-0.1239674762811703,-0.03622676508190119,-0.20008686387296923,0.021364363804345636,0.053719074116004684,0.010012222116771633,-0.03972127719691183
-0.08944805152781544,-0.003805012097786646,-0.08644163639243932,-0.07409264886928274,-0.09742502830258329,-0.03437757718683898,-0.2137869726468208,-0.02300386191616522,0.05062309207866298,0.010188086582580485,-0.03972127719691183
-0.06512081058712678,0.020634497354367277,-0.07807891018521079,-0.06672128257033236,-0.1547742369836101,0.0566873867789052,-0.22944473481714617,0.0852028561502057,0.05960281599874543,0.009829955016633836,-0.042864673952445705
-0.026885874990080338,0.015618196992899453,-0.07904158365493968,-0.06918300392005634,-0.11810009234571407,0.07001771074809184,-0.23605847229854487,-0.0023646436173929758,0.051622366520268394,0.010005819482442687,-0.04253871565672231
0.08897468176561657,0.025336238941317646,0.21372532464366428,-0.04048023240738189,-0.058813616039478364,0.056941694953639765,0.3296037984418057,0.08500845924529622,0.08804050648242735,-0.020660847703358846,-0.008512638984390539
0.10700975812781384,-0.014692251614514694,0.16067395175281937,-0.057372869641673215,-0.05023163390625924,-0.19971400019352029,0.2013435049336887,-0.017978035394922365,0.07084849285754807,-0.014023523137741125,-0.012201866873142815
0.06303271075770074,0.01126668259423065,0.17210173133532133,-0.054544195682353386,-0.04809634595467855,-0.08583109448132384,0.22033979006814491,0.03240339003858205,0.06869711933680403,-0.016063658887583165,-0.012316639797831857
0.0006129060949255484,-0.01112344752407317,0.21510262108699849,-0.05675435427009772,-0.06254405838764471,0.060597022684564884,0.3171545494625881,0.04574963027035675,0.08267724478076285,-0.01718651820307532,-0.00908742536775435
0.021253349746536438,-0.022594996059349337,0.18965250430767408,-0.05784532993519828,-0.04915192808285159,-0.21043880725722583,0.1997148299435573,-0.013843555530353458,0.07656381571180804,-0.01378034584224311,-0.014992438632233885
-0.11465749167660148,-0.013454544188183166,0.20118530398519643,-0.060555464100853516,-0.04742833665617335,-0.10429706700186216,0.21892476858422383,0.04035604804928046,0.07472962140391551,-0.015820481592085146,-0.014764262423140852
-0.11462072910947928,0.021372778233340838,0.21279854046812394,-0.06068530101419312,-0.059345445193224364,0.05676053971625471,0.3173123198353389,0.050067872688980074,0.08388742502884597,-0.01718651820307532,-0.005789675468342624
0.021253349746536438,-0.0171770185968215,0.18965250430767408,-0.05784532993519828,-0.047851613491844906,-0.21043880725722583,0.1997148299435573,-0.013843555530353458,0.07656381571180804,-0.01378034584224311,-0.014992438632233885
-0.11185077327499901,0.012720520538012597,0.20118530398519643,-0.06001453119517406,-0.045530038052759694,-0.10635551818433402,0.21908253895697455,0.04309055834345719,0.07472962140391551,-0.015820481592085146,-0.011466512523729117
0.046868195864381575,-0.01948341682115186,-0.07106655589752865,-0.009844368577099492,-0.29310358445813867,-0.08610326236675817,-0.1874374596157441,0.06705486325423529,0.05015134620692287,-0.020498732274574598,-0.033452752143438895
-0.07458428170265628,-0.14449652109332345,-0.07283113846676531,-0.017983237394915245,-0.29526749996108187,-0.1104990802382517,-0.2061376004232478,-0.0330648850010372,0.03824663732408986,-0.014591684756984653,-0.03424131135531607
-0.02301956075251018,-0.06291534189094826,-0.0702698845332612,0.013647490400292759,-0.17145700307177075,0.2371509914209805,0.257539541155974,-0.002378676771508159,0.07146796034868516,0.005844693948932091,0.05367817824498278
-0.009766880624904972,-0.06041895094260475,-0.06866328505041845,0.016176030375708222,-0.15074776957266112,0.2101897020596883,0.2597348705562148,-0.14552911909711413,0.07347416726877208,0.007661728125286567,0.058444275038602
0.05663582278814822,-0.09726511253247647,-0.0656196827530606,-0.018409767459499574,-0.19614605691762427,0.02811645617062724,-0.16716663827863917,0.11300422517461053,0.04331184258976319,-0.013389276093644955,0.006007027499837227
-0.015897295802303462,-0.12458113366781529,-0.0560281832576208,0.03098441739137685,-0.17643413333059438,-0.09404738473164999,-0.1756071653338342,-0.05719999184851958,0.048850266237195156,-0.01198153521761119,0.032638882678079205
-0.024747991909588693,-0.08760494773628957,-0.062188656304586455,-0.0021011506581263,-0.1677816778764897,0.03744776786926462,-0.19793768910068518,-0.15187278841731253,0.047883285061928446,-0.013551817958229758,0.04286640482351627
-0.03340985592632887,-0.08615948724582247,-0.054520451321508394,0.021913475720334835,-0.16844307049307208,-0.0993277012599551,-0.17114047430101353,-0.16951154496000975,0.04866125515884439,-0.012798280320211266,0.04323790934314918
-0.067419617961618,-0.0852054657707186,-0.06567273556681037,-0.02698075336259441,-0.1970823329345616,0.023947491097581323,-0.16676729704627213,0.07794764548567568,0.04152288689528459,-0.01317007177881129,0.018212694936672026
-0.046419142492877555,-0.06474042098851374,-0.0560281832576208,0.028376694108819305,-0.17614533895697004,-0.08558249260427445,-0.17030811050175124,-0.04616620547158668,0.05687156740458557,-0.011424823228375743,0.03850778204338017
-0.03801383340740916,-0.06675198544524436,-0.061787599549267165,-0.0017577973876988684,-0.16600291063221273,0.037187638432559,-0.19318136184253754,-0.1578914775754445,0.055349557514039735,-0.013070968885834897,0.039522797436954
-0.046101649392683595,-0.06160869804576202,-0.05333305130656414,0.026994480213605294,-0.16329596858261802,-0.09753060216910717,-0.16264483844028885,-0.17126633164984495,0.05952254416620127,-0.012317431247816403,0.03743034953418318
-0.09725836671732749,0.009690755434531824,-0.05984363927602832,-0.007483222092028262,-0.2380069994699103,0.02404892972726385,-0.18506351832193307,0.1741926489591109,0.055006997202820485,-0.0013643103884218965,-0.009524260243034467
-0.04376935892063979,0.019310123207258358,-0.04904651239774018,0.04389779737748609,-0.20746371000971386,-0.08865446942736771,-0.16886031531170356,-0.1721561391126592,0.07455457628352727,-0.0025021375510038122,-0.018347674951650114
-0.05241947986413588,0.03377015955452594,-0.06145350809442221,0.049053038081278075,-0.21131073605390682,-0.04451662432892157,-0.19510255204666588,-0.043433473169996316,0.07485495065966469,-0.0019322865692358777,-0.02180236191839374
-0.04133722166518463,0.02244706254413797,-0.04904651239774018,0.0458527732519763,-0.20746371000971386,-0.06182096633130817,-0.16886031531170356,-0.17187240877562104,0.07650646547546791,-0.0016079565007726128,-0.018263574541141785
-0.06689640314089088,0.016415634511616355,-0.05984363927602832,-0.005368209598767173,-0.24394777217322586,0.02268676595118895,-0.17898147598923528,0.177075094941336,0.06339789447829891,-0.0013643103884218965,-0.009449178269407593
-0.044897313278285264,0.014860821006125955,-0.04904651239774018,0.0441420416294359,-0.20746371000971386,-0.08844352139123048,-0.16886031531170356,-0.17571354703213699,0.07455457628352727,-0.0025021375510038122,-0.019365730574592642
-0.054963913864767414,0.02844369453899281,-0.06145350809442221,0.049053038081278075,-0.21131073605390682,-0.04451662432892157,-0.19510255204666588,-0.044157945933492,0.07485495065966469,-0.0019322865692358777,-0.022904517951844595
-0.04511985798415634,0.017997760343005553,-0.04904651239774018,0.046097017503926106,-0.20746371000971386,-0.061942802017536436,-0.16886031531170356,-0.1722741501903905,0.07650646547546791,-0.0016079565007726128,-0.01944983098510097
-0.06410358659500259,0.011710030240376555,-0.05725790678992413,0.030914874452296258,-0.14847886968598034,0.030238995707298388,-0.18955200048029472,-0.17160085699811398,0.06400518413225757,-0.002322095410317254,0.03459483829279744
-0.05188530170291881,0.016329287153702556,-0.04965927252152686,0.06351478742839822,-0.16189400664116374,-0.07534432162670363,-0.15920515099435678,-0.1823632534781942,0.06356781315834868,-0.002484535663280255,0.0337177237510278
-0.056269130111311565,0.011703701535992867,-0.062179626670397184,0.05346798301806301,-0.16198651331663969,-0.08214620110668105,-0.1813839370545794,-0.1845110163907052,0.061001575901873384,-0.0028072927009529774,0.03241929746357203
-0.037500155273123295,0.007802203604011716,-0.0673117917133167,0.06351560160346202,-0.17264846374929904,0.1124417599999928,-0.22436196989521653,-0.18441248682771774,0.070952544894849,-0.0012902295760879254,0.04358003220673093
-0.04558552508220057,0.01003900388104019,-0.05725790678992413,0.03228134530983718,-0.1605495399204881,0.02984041642912062,-0.18656393507198016,-0.1716948807744963,0.06101382496376302,-0.002322095410317254,0.03462962700785036
-0.05055796072225569,0.014658260794366185,-0.04965927252152686,0.06488125828593917,-0.16189400664116374,-0.07517792976552087,-0.15920515099435678,-0.18363653122875295,0.06356781315834868,-0.002484535663280255,0.03380182416153614
-0.056678190506475816,0.002716808837111719,-0.062179626670397184,0.05346798301806301,-0.1622558359847485,-0.0829849374510424,-0.18245945758784277,-0.18742634636745828,0.061001575901873384,-0.0028072927009529774,0.032503397874080374
-0.04102262354474036,-0.0002486142883030829,-0.0673117917133167,0.06351560160346202,-0.17270203155988806,0.11351654425054573,-0.2254374904284799,-0.18535140427393892,0.07171902897931007,-0.0012902295760879254,0.04354524349167801
0.09196512128362043,-0.022637798787509048,0.21216182702370628,-0.03674150471973463,-0.06946769658866282,0.059210180403310726,-0.16558709162936902,0.1369651157415828,0.11123761413498633,-0.014253918900095513,0.0060183640078940856
-0.07994303602631435,-0.01443620663006902,0.21117005376675493,-0.04815296541397391,-0.06649340400370306,0.05219818863907865,-0.15256229265038201,0.1350698469341627,0.10059390159901369,-0.004080739823016164,0.0018836916367995639
-0.05772727343113719,-0.017494507369750507,0.2002521739044231,-0.06366987727353686,-0.07488119232323927,0.04959584548104976,-0.16178951524613655,0.033303362338696636,0.10909862888336562,-0.006664829075525907,0.0023747880454050418
-0.1347129033229133,0.0191604593772892,-0.011006993913962055,-0.06429021316958336,0.10887423978103972,0.06030199150885786,0.11950818533812127,0.1850563625822995,0.04875392210210042,-0.0019571214675918325,-0.01804774665745361
-0.15883586830383048,-0.013449964070520501,-0.042933322597388364,-0.11413675780845348,0.10071272437013812,-0.24582764225261294,0.08064308934428965,0.07339029452668454,0.04079590586301331,-0.012288744733159713,-0.04868692175718252
-0.15361466133999624,-0.07392007324731213,-0.027283038989451013,-0.10386784815080234,0.09627787362740887,-0.17307068472764997,0.08599761900132294,0.09185401239508106,0.04203269004256679,-0.009347790448538056,-0.03955958485076638
0.0408939349519153,-0.04329748655229121,-0.009527560679191981,-0.04539745743395643,0.10965879260467591,0.058547249515225594,0.127214631106791,0.23342307382513708,0.052938891760541534,0.0013558031334640645,-0.012493159529554257
-0.15099706688958478,-0.007612707758585579,-0.04409557962777953,-0.12182189923611243,0.10551339809358967,-0.262931075596921,0.06729656489402204,-0.03556201844460157,0.04019032963372553,-0.012993940058336595,-0.0485419083364466
0.023640344774252333,-0.0480330224907984,-0.04364682964982963,-0.10750177303120269,0.10644359498531407,-0.2631633574664794,0.07398463500090369,0.007789171965054997,0.046061963323445775,-0.009961536371079476,-0.038409589442656475
0.07757836363905289,-0.02599969425648858,-0.010779233551959335,-0.06668734829585496,0.1120396340873131,0.055030286594239,0.12759124392980192,0.22141670358048976,0.052695796171362476,-0.00040302734340958487,-0.012570296935168057
0.024914942030869896,-0.07516475224192182,-0.04165670714059666,-0.09733507492947067,0.1040323694946741,-0.25703648410478663,0.09050748095071859,0.12373140216149336,0.0460399822367172,-0.009327663485401726,-0.03614161235382772
0.02511630353510484,-0.07250685738109029,-0.026173467053871743,-0.09219582546261855,0.10356638846050772,-0.17413838109951202,0.10263421811208201,0.12549048606713567,0.04542563417218257,-0.008856034020746768,-0.03614161235382772
0.07967862575586732,-0.041229710705161834,-0.009429589537173915,-0.04045058198745338,0.10973862681996892,0.04951111819063056,0.1310492484335004,0.23485799759167145,0.050612893469439375,0.0011720147939428861,-0.012493159529554257
0.060374133905487,-0.05829038079693756,-0.04298600769220026,-0.10271825990564572,0.1090803624520345,-0.26652104135718097,0.08623194892039365,0.008968525200889645,0.04134665245944489,-0.009914117108208791,-0.03382135931765944
0.0791725048422855,0.029950307853778738,-0.009527560679191981,-0.048168204530308206,0.11631986073877641,0.05559986141804811,0.14133946046663678,0.21587587307394218,0.050879208947111065,-0.005400250364007648,-0.015558053688926344
0.03958009970086356,0.019704200119719087,-0.04165670714059666,-0.10082291832131611,0.10851629635967358,-0.25128808596980656,0.1007577372676994,0.10606401418949059,0.05083900405099432,-0.01565433553910344,-0.04621604092799151
0.0601750612557964,0.03813699423194413,-0.009527560679191981,-0.04979635681639233,0.11266229843513186,0.06943508638397798,0.13969766757984522,0.214914270733747,0.052286655427011275,-0.005400250364007648,-0.015558053688926344
0.039884597614873334,0.023188651968584894,-0.04110448712616836,-0.10082291832131611,0.10851629635967358,-0.25004742200547886,0.1007577372676994,0.10606401418949059,0.05083900405099432,-0.01565433553910344,-0.04621604092799151
0.039491233975312255,0.026377359695179046,-0.025621247039443434,-0.09568366885446399,0.10804679805896517,-0.167251601111246,0.1129538349252712,0.10792344925454148,0.05022465598645969,-0.01518270607444848,-0.04621604092799151
0.04015531961531669,0.02574426471837481,-0.025621247039443434,-0.09568366885446399,0.10804679805896517,-0.167251601111246,0.1129538349252712,0.10789245859134128,0.05022465598645969,-0.01518270607444848,-0.04621604092799151
0.059602880460962876,0.040156049245240744,-0.009358621898931031,-0.04979635681639233,0.11266229843513186,0.06857725853593231,0.13969766757984522,0.21494526139694717,0.052286655427011275,-0.005400250364007648,-0.015558053688926344
0.02389023782998977,0.00975727093939047,-0.042433787677771964,-0.11203670475169351,0.11354824462848773,-0.26379735197450616,0.0816960080366368,-0.016611595377769454,0.04467809539973979,-0.016253280615231246,-0.04389578789182323
-0.13381244213393712,-0.029489620005018004,-0.013429317071439476,-0.18359106077454904,-0.06636238779478283,-0.15566545036163484,-0.16281326904874405,-0.03459636319996871,0.05706583471141308,-0.029953645161025534,-0.04449242935290382
-0.13882904327187734,-0.04718167644409102,-0.013429317071439476,-0.19603326740487365,-0.06648883738557415,-0.15617949460239444,-0.16922390745730778,-0.08483733793832804,0.05878472658907343,-0.03080680201965095,-0.04449242935290382
-0.14156791598908366,-0.054487235965052914,-0.013429317071439476,-0.19603326740487365,-0.0665424051961632,-0.15550328963001925,-0.17029942799057116,-0.08617483466272696,0.05878472658907343,-0.03080680201965095,-0.04449242935290382
-0.039814847441760115,-0.15982002393454148,-0.007455952568761384,-0.18848779877687433,0.18831797558204164,-0.032587472026053645,-0.16684131881396466,-0.2581159414412269,0.03982102042501455,-0.036018039275209954,-0.044173321730485826
-0.06749538975170113,-0.16071398726355324,-0.007455952568761384,-0.18533266586346098,0.18661990053804728,-0.032587472026053645,-0.16684131881396466,-0.2581159414412269,0.03982102042501455,-0.036018039275209954,-0.05363684694789758
-0.08241919351051193,-0.13965210064749878,-0.029287351852646575,-0.18998539634993286,0.16252119275090954,-0.1488225320893619,-0.11269292941551988,-0.24764420717808372,0.036543886769868424,-0.036018039275209954,-0.05482681089250112
-0.044906697962856075,-0.1404268232953182,-0.008102521866534344,-0.18540917380133332,0.20147115780898087,0.008283312541033809,-0.16421462819940036,-0.24302401696465595,0.04730128665681856,-0.023823513738964172,-0.015762062595287136
-0.08432704193265288,-0.11040522034493548,-0.08803106530544298,-0.1656474835820664,-0.2805486133550542,-0.09123167816717612,-0.17591181006841364,-0.03069389322947445,-0.07509595669362293,-0.01949272292163728,-0.026535070128341172
0.03317419307528795,-0.04024936176140934,-0.04031247784262837,-0.007403793179067848,0.24818073028226637,0.014479280885661106,-0.11570804438544284,-0.1040930773067945,-0.12388969680393569,-0.01666878954679829,-0.03621166506731547
-0.01941470045187543,0.050671913316696786,0.13226624153588618,-0.023079210888654018,-0.09409869769527326,0.2134204172696063,0.4266000064317499,-0.15846403870363326,-0.17538475273599896,-0.011180304979898128,0.03232778621794034
-0.0248691443481972,0.05169268749447073,0.13226624153588618,-0.023043491137739878,-0.09409869769527326,0.213876371758833,0.42668320470988025,-0.15800808421440654,-0.17198191002494917,-0.011180304979898128,0.03232778621794034
-0.027006387216249966,0.05423751223906417,0.13226624153588618,-0.023043491137739878,-0.09409869769527326,0.21324525036339503,0.42668320470988025,-0.15789472067104798,-0.17510476832179536,-0.011180304979898128,0.03232778621794034
-0.01567782246384791,0.05169268749447073,0.13226624153588618,-0.023043491137739878,-0.09626467602243034,0.2134777924806553,0.42164124720095975,-0.15840666349258428,-0.1732029262319182,-0.011180304979898128,0.03236257493299326
0.0010300627855561013,0.05131909441633094,0.14328638909240576,-0.022260968953886136,-0.1056059837826049,0.22583374015170762,0.41921132140042594,-0.020942289613029186,-0.17781896606245987,-0.013454855388236311,0.032642933843976
0.0038156290330438377,0.04110245293494729,0.14322911582189227,-0.02279376177359893,-0.10876362109920902,0.22265548510536262,0.41921132140042594,-0.020540794062301096,-0.17781896606245987,-0.013454855388236311,0.03157248539450953
0.009496671616838693,0.04210346494599037,0.14322911582189227,-0.021890772004204643,-0.11196591303095178,0.22301363464895987,0.41974183347514754,-0.022006492270933334,-0.1923258206272151,-0.012984586272529996,0.018379412446001806
0.009496671616838693,0.04210346494599037,0.14322911582189227,-0.021890772004204643,-0.11196591303095178,0.22301363464895987,0.41974183347514754,-0.022006492270933334,-0.1923258206272151,-0.012984586272529996,0.018379412446001806
0.0143319134841806,0.04280868986323261,0.1418009796677983,-0.015338661643954832,-0.12371051302984512,0.2190729683071586,0.40240426763846354,0.03891912606874406,-0.19065446472634776,-0.0121084598244464,0.018893302089216774
0.02087385762892109,0.027975982566843027,0.1512948588816569,-0.014866669197744573,-0.12870627278543703,0.2018534966338242,0.40265126971924403,0.0005604891625228013,-0.18067090115833875,-0.013402114293368142,0.012472743786662684
0.03377282669059617,0.0388654956871818,0.1512948588816569,-0.01776396454822191,-0.12424779283679942,0.19279131129614763,0.4024547444591302,-0.009077607487559694,-0.1868705688296123,-0.012148678128071053,0.020100748413595694
0.039265229303182485,0.03840875529474932,0.1512948588816569,-0.01730931459293824,-0.12414994245087776,0.18907359589577177,0.4024547444591302,-0.009919308403861274,-0.1868705688296123,-0.012148678128071053,0.02003487881430047
0.04236284441307604,0.02683631275355123,0.1512948588816569,-0.015287128830073946,-0.12857714656581162,0.18880507966487023,0.40203601239589754,0.0027441607656742504,-0.18189555302896795,-0.013402114293368142,0.013670910070787298
0.04426326693126344,0.0237413165434288,0.15119286983759983,-0.020605071140263408,-0.12990605544644204,0.17018266169889965,0.40272099698162783,0.0028642461795301555,-0.18059218040116015,-0.013402114293368142,0.010431039498915936
0.0321111839556142,0.024488988856466998,0.15119286983759983,-0.020251803468680458,-0.12561049709057964,0.16893895552523458,0.402498032594021,-0.0038514702061522212,-0.18924810308436174,-0.013181132692407997,0.016795008242429115
0.053760299300187914,-0.10085590571819265,0.0800965860456895,0.030227431963792992,0.08234663954008661,-0.19323257485102352,0.13712780850925177,-0.1969627940083183,-0.1521888014645258,-0.015787040491703264,-0.01563121270765574
0.08004865229126372,-0.028978192394915822,-0.03454451047740596,0.060715775344231525,0.2865705635533401,-0.07780128617320177,-0.09280035855285212,-0.0809842184941488,-0.10310785057185834,0.0006800747599718356,-0.030506043709950397
0.09902376854142164,-0.011589269296645015,-0.023280739076682454,0.040137183417942375,0.3444075372619419,0.04638662440990206,-0.06401771170775501,0.09621971876049262,-0.07742153668525134,0.002311587331285193,-0.01901888756682875
0.0463376945020364,-0.06330501824339176,-0.06371668596024502,0.008607120474947353,-0.2738297409116425,0.027206008617582586,-0.1800333219163191,0.02031845476947707,0.07121241118081112,-0.024951440135444494,0.01764544953016117
-0.026892445942637982,-0.06201491277896361,-0.06385835792153315,0.005758109992487941,-0.27462152972317844,0.02395783373310438,-0.18279726085623088,0.006933207952202757,0.07016418397023493,-0.02509021275404517,0.013044907393962572
-0.058200382402959314,-0.06202154111470193,-0.06252905736992953,0.0063188653978612395,-0.2609187335411321,0.020857264907379932,-0.1828077416120582,0.048791603998121186,0.07389995330205287,-0.02616332526960919,0.02886139270828361
0.07055057840764449,-0.07218743997069559,-0.04112088277991108,-0.06499930366937409,-0.10084458591233034,0.05379291427291917,-0.15371774655085532,0.2822349738485875,-0.13400071980277986,0.010726736667135892,-0.01594298296125551
0.06569118634053539,-0.07565743583900174,-0.04244258153743407,-0.07430532332763792,-0.12347033135171528,0.04836865451056417,-0.1635361473366964,0.05030760369817551,-0.14379962987429867,0.013611163472832014,-0.0267226556827025
0.07495982755184931,-0.07826809106301917,-0.04244258153743407,-0.07430532332763792,-0.12459437926039797,0.04907619083989288,-0.16285848306792672,0.053356136710976214,-0.14039094448544762,0.013611163472832014,-0.02788412277438447
0.04607188733279156,-0.07912311348056932,-0.04244258153743407,-0.0688575830423664,-0.1252173052981935,0.045061836693487706,-0.1649349841696783,0.05079982525087035,-0.1451253808189084,0.013674610272177897,-0.027789873293006105
0.022885015045121193,-0.10058529300266064,-0.03747437976791667,-0.0665765513763695,-0.12706836005808353,0.040021722974609625,-0.16954750692290785,0.035521323958577565,-0.1690725368524838,0.013120386400620382,-0.030082290892932306
0.019018658919219483,-0.10392639191827432,-0.03747437976791667,-0.06689512224198797,-0.12708737549021293,0.0390691995779741,-0.16997215218411413,0.01715622483472224,-0.1726252841922743,0.013148455089078087,-0.03085243229047362
-0.06180604575412565,0.04111357875305586,0.012191857804578793,-0.13107747400960632,0.19629793319781458,0.14411983305141163,-0.17037529116911693,-0.24738170834609435,0.03841435646847134,-0.018048279597011396,-0.048377962913298274
-0.059577450260157636,0.03521755388138893,0.0075016290750673864,-0.099406770780464,0.238586031848844,0.16155667731093687,-0.13492481721234287,0.04716628445756921,0.03661379602049219,-0.011710566493576146,-0.041182963305295986
-0.07009067274373619,0.041951868027704134,0.012191857804578793,-0.13111319376052047,0.19629793319781458,0.14366387856218482,-0.17179337973153616,-0.24936053649297232,0.03841435646847134,-0.018048279597011396,-0.048377962913298274
-0.0610434535075026,0.06738563254300264,0.020174751501860416,-0.12720417371585965,0.19759927846547687,0.16856897021970516,-0.17155254764709862,-0.07273736530140043,0.04374187859814548,-0.02029525324589647,-0.04416647452873393
-0.06305117457697,-0.008789929092508439,-0.05774826593493421,0.0038504455070650107,-0.23958539991603753,0.03482799559191749,-0.1211961521329762,0.09972550232388167,0.06437873113148891,0.0015422642622548138,-0.013361290868914882
-0.039029580079067996,-0.006190436307030594,-0.05774826593493421,0.00244339303090432,-0.23958539991603753,0.0363886926105581,-0.1211961521329762,0.10213946238287844,0.06437873113148891,0.0015422642622548138,-0.015153454059361453
-0.030642255623179897,-0.009794088521854597,-0.06698303713571505,0.04608821052724218,-0.20614856469028772,-0.032700472865385764,-0.15002702241019994,-0.04145576700937043,0.08059840428052484,-0.001658905073295607,-0.017376880770556
-0.05418483839016215,-0.014950901131598422,-0.06698303713571505,0.04608821052724218,-0.20614856469028772,-0.034880913977083775,-0.15002702241019994,-0.04294553357554334,0.08059840428052484,-0.001658905073295607,-0.017376880770556
-0.06017363293081922,-0.011895259250075002,-0.058193207471046164,0.003984915320072118,-0.2393648812627502,0.03436051418584373,-0.13215256098401704,0.10679241121596349,0.06358960573539535,0.0015422642622548138,-0.015153454059361453
-0.06320671891247093,0.010320460016078396,-0.00029328358047676895,-0.09487056475425576,0.11383104164596851,-0.2543518459123749,0.08017453059821454,0.022362009571118786,-0.09586344983656858,-0.004947651437746618,-0.0479620125084976
-0.07290796187364046,-0.030829514067369765,0.009580516703735522,-0.10371210003109033,0.1050147920750351,-0.24478572374666863,0.06147095693502715,0.023514432355755163,-0.09722086791335574,-0.00033793465341600416,-0.052618765883423554
0.05003556534167212,-0.08476326452835131,0.009022680027676934,0.07414415675673505,0.08810835109713765,0.14653418304370783,0.2713486182381353,-0.04690820121815402,0.08080795931024431,-0.023714996840253792,0.0137187251043689
0.06797399542592451,-0.06400218046428162,0.008744421117675693,0.09136999684618459,0.10661825757587329,0.14403354389627326,0.26008833102902057,-0.033216459063698515,0.07940857822229867,-0.02073976843091433,0.025692945276756474
0.21500034914488425,-0.06759531234592196,0.011289113943713066,0.06830583282648092,0.09903849259862854,0.13906052803028152,0.2627276047831107,-0.017246893715764513,0.07420068875874367,-0.021282592640934683,0.025304314852933815
0.24459829194142857,-0.07370339167025196,0.012250853373535688,0.054139403776750986,0.09997582391185407,0.12934581148529084,0.26482864968637354,-0.16136404600994342,0.07346878392104958,-0.018917586819758584,0.019542464602384665
0.034571641563182945,-0.08806371634794363,0.019326788819763227,0.056789682142123,0.11330480973087192,0.09925209273940173,0.15877665455539616,-0.2321370439737387,-0.1354952489027868,-0.016241818955764376,0.011872052335516125
0.025474000563185027,-0.09652733572444905,0.019340216056753894,0.05845123779099083,0.11356923154635346,0.1453287445406039,0.1585624460190912,-0.22492649217973285,-0.13179550055349323,-0.01628926409989605,0.011154344772699816
0.04119013485571644,-0.006382083389329985,0.020092740483860887,0.06647224660808738,0.12676124351068027,0.06539497242736515,0.15381817621326585,-0.0461115465584622,-0.1347183849023284,-0.02034160621827665,0.004359052712066321
0.10280043745529566,0.0020672220518639962,0.012478324403942403,0.07431312156166323,0.12438289851402005,-0.11716038200299263,0.07187672844451612,-0.018502448683853052,-0.10655370918584796,-0.015648150915334374,0.015660753821902157
0.045184587119432,0.039891399000970024,-0.04477071794843792,0.02177543874355356,-0.09892035046206077,0.019164022940983846,-0.1510907791501898,0.2348059319609713,-0.135410560115483,0.0008144353213495487,-0.012586924422260967
0.06545112928634315,0.054570262359603314,-0.04245557899371155,0.06170180877043748,-0.10923201556728246,-0.042617353509198014,-0.12768205393479146,0.17445014144621793,-0.1409137522237471,0.002801220077147558,-0.005058756832864147
0.06397752889800523,0.03657600292807063,-0.05951701042509786,0.06213740610727626,-0.14676660664349778,0.016245530232471373,-0.20495803729469414,0.1530279841030867,-0.1545074857086619,0.0031368589675257923,-0.0018216280368231023
0.045184587119432,0.039891399000970024,-0.04477071794843792,0.02177543874355356,-0.09892035046206077,0.019164022940983846,-0.1510907791501898,0.2348059319609713,-0.135410560115483,0.0008144353213495487,-0.012586924422260967
0.050231002535155854,0.05251809889594458,-0.04245557899371155,0.062116173675733445,-0.10959874093242802,-0.04483081069314116,-0.12768205393479146,0.17248520881439025,-0.1409137522237471,0.002801220077147558,-0.007737037743680442
0.05712325306831655,0.03619107212303904,-0.05951701042509786,0.06255177101257223,-0.14686445702941947,0.023707383253946137,-0.20504202767552004,0.15276654060622105,-0.15408713940862037,0.0031368589675257923,-0.0024357013653018736
0.0030353209853100282,-0.07766365517605378,-0.022238745985159094,-0.19600788606940284,0.2149431805370839,0.0761329361123683,-0.11866248296922526,0.06650047025479727,0.05209687142313143,-0.043740659920211346,-0.018170998628958906
-0.04629167923623057,0.031925414795040304,-0.0409285950087105,0.03505424695900969,0.2968184591782906,-0.00906257912929246,-0.09754074106559625,0.11513174209661742,0.04386389495016612,0.00977265963891332,0.052587666454425634
0.0030034068891507714,0.02849192651161557,-0.04168404814731746,0.054273693794763274,0.2585954526179012,-0.005854717492257499,-0.13033203973308388,-0.09242702540313202,0.05672747273796902,0.006173180946273683,0.056949129741843324
0.0020964240472546723,0.047749887842511454,-0.041274318465063464,0.04175776598643033,0.298530166110034,0.011563169082622466,-0.10523061768826145,0.1191854999841507,0.04551316047207051,0.009822161986303653,0.0440489145774797
0.004494887503601292,0.023302677697921166,-0.04141701147988374,0.048969064274579276,0.2589476873577895,0.008961980761213115,-0.13894938960462852,-0.08964016230659688,0.058910613430495286,0.005937737706431017,0.05624360922917657
-0.015184611768071697,0.02395074120893268,-0.024473086114949725,0.04125019054391054,0.2656780229258391,-0.08394517523001042,-0.03844100623801119,0.005402810756591281,0.03825851073157075,0.006311817251547484,0.054216209326690475
-0.004510251234891218,0.022199159884410694,-0.022070999453333632,0.05047661550336809,0.22907425703671347,-0.07905605967286075,-0.06821764631866735,-0.07437811946012061,0.05981000166708284,0.005017578265112794,0.04325907081005654
-0.006644079332131485,0.026630489059498705,-0.023753748525455212,0.041466332386490605,0.27083001353018576,-0.08730949513190299,-0.039112988920955716,0.042224238411893905,0.04416850802865704,0.006908658087175214,0.032605578430933674
0.004868340805167176,0.024797266787398457,-0.022070999453333632,0.05047661550336809,0.22907425703671347,-0.07596996371176809,-0.06737069604659367,-0.07437811946012061,0.05981000166708284,0.005017578265112794,0.04325907081005654
0.005949671194937706,0.029419437230508667,-0.02314378556334612,0.04068494090365211,0.25931907445120495,-0.07215791569236277,-0.036429262222087665,0.09763190367487003,0.045345190886905314,0.008191580030641726,0.03018947205475079
0.0033411616618727316,0.028502830343840747,-0.022070999453333632,0.05047661550336809,0.22907425703671347,-0.06611225969008212,-0.06737069604659367,-0.07467240211493523,0.05981000166708284,0.0059117593153439965,0.04342505687768721
0.001207333564632455,0.030483447834093652,-0.023753748525455212,0.041466332386490605,0.27083001353018576,-0.08422339917081036,-0.03826603864888206,0.04233057961595049,0.04416850802865704,0.006908658087175214,0.03277156449856435
0.0035545278786472388,0.021270950443985796,-0.022070999453333632,0.0489368306969273,0.22872728777532333,-0.07654222009445405,-0.06737069604659367,-0.07305531512491296,0.05981000166708284,0.005017578265112794,0.04342505687768721
-0.004520198398365209,0.001330949216343953,-0.033404291976400026,0.032788021457906776,0.32648996822731535,-0.016488798405365365,-0.09763837635375748,0.06686059123067073,0.057433083616385806,0.004628551981535801,0.04191428922314252
-0.009310777449781014,-0.017305858741982726,-0.03988864059506839,0.03248822573616996,0.2605499386918747,-0.017069868509832265,-0.1319742256720902,-0.08949545623331613,0.06180617612115923,0.005649324164423875,0.04191428922314252
-0.007012193958760966,-0.025290403852480728,-0.03343252363415683,0.026980473756908423,0.30732607856586164,-0.005009482088786167,-0.10282429740975983,0.08285550740021382,0.05957804785878532,0.004863954391898883,0.04136362524455663
-0.004393829503717203,-0.011051354209597814,-0.040234364051421355,0.025583455663373163,0.26090217343176303,-0.0008245165390562194,-0.13971769283024554,-0.09010441485675233,0.06416749593289472,0.005649324164423875,0.04120876871047576
-0.0037079093992431755,-0.010153531017606481,-0.023595649395243307,0.02623737970545323,0.22691860073406148,-0.08169696794730268,-0.06803710525584425,-0.09568088339371873,0.05955387122429794,0.004276790391924782,0.04348859012270755
-0.000438858049773343,-0.04261553612143783,-0.02316814440213108,0.01760125088288988,0.22839422572661952,-0.08209958734395022,-0.069485280542598,-0.0754118711139875,0.06052205595691392,0.00931043870894017,0.04348859012270755
-0.0020348804022256133,-0.06255279030113818,-0.0246757051010847,0.005049231811547726,0.25843930561421635,-0.0949379888176182,-0.03967851237760415,0.09194902561766496,0.044902301456610665,0.012218361384380804,0.028432658631150062
-0.0028268166086828322,-0.06203084136843252,-0.0239767423635254,0.01760125088288988,0.22819448819972496,-0.08580369089116968,-0.07112659873771703,-0.07569075200472052,0.05973470436931654,0.00931043870894017,0.04159483349389251
-0.008097482492520448,-0.05986439817210817,-0.026005005652688304,0.006393058148118153,0.26995024469319717,-0.08681379370773766,-0.04151528880439856,0.018420187500456098,0.040749005023679334,0.012572797893164336,0.031459506208914426
-0.0028501962319001243,-0.05030441950012061,-0.025330391048711424,0.017336060013423853,0.22811317403964898,-0.07651647406746695,-0.07036231386800983,-0.09211090326849677,0.058232644466078676,0.010204619759171368,0.0437077813943566
-0.007906364274506405,-0.060347050111945875,-0.026005005652688304,0.006393058148118153,0.26948373525900443,-0.09637012898879764,-0.04075100393469136,0.017320732351218126,0.040749005023679334,0.011678616842933132,0.031459506208914426
0.0026645509465382097,-0.07182113646743978,-0.02345922172778587,0.011333544696199988,0.23159947202392825,-0.08785612351560121,-0.06340700049363567,-0.049909202941513894,0.058968799595427064,0.00931043870894017,0.041745545268441146
-0.0032271924306933944,-0.06658132475760238,-0.04150997301146693,0.0018712120936104624,0.2966560970764136,-0.027793578594862582,-0.10425643650763122,0.155498597224973,0.044473999266325635,0.01177546014047955,0.02264862292090335
0.02853371411523455,-0.07015719186708062,-0.04245951029798301,0.016153311881497944,0.2692436644789641,-0.016589892786228445,-0.13291997035536093,-0.09599432996496544,0.060377315813661014,0.009927970614495485,0.04563385160020613
0.035246838977394467,-0.06251688032842662,-0.041009672628274096,0.0040943690455028554,0.30474211613765767,-0.0021373370525837334,-0.10890793026231044,0.16250332377351753,0.04745183287037046,0.01177546014047955,0.024877040123336174
0.030207535953558504,-0.0673794587225244,-0.04195920991479018,0.01578601479480345,0.26964451510080917,0.002172032453954407,-0.14007595919475535,-0.09624116123145485,0.06253661378733291,0.009927970614495485,0.044928331087539373
0.04159151518736397,-0.08073702474168042,-0.023497362507715804,0.008459140422583299,0.26628074455959583,-0.09036620769859119,-0.03881981090643504,0.10594831006119158,0.04474279142618813,0.011515161145142953,0.031288845486378496
0.029034140608117556,-0.08865553013071,-0.02415204845534253,0.019829618493958024,0.23889409830215053,-0.0827445284320181,-0.0689265821978,-0.10065495250794478,0.057356408177967194,0.008752550801419467,0.04453584439272205
0.03012942866982443,-0.09337552139582248,-0.015996559352891994,0.014380809425656834,0.2799311766117428,-0.08378568071120246,-0.030855688160664762,0.08362955153833007,0.05265297768278883,0.007727505145159439,0.043700817966637856
0.03150647249626447,-0.09191002673578617,-0.015996559352891994,0.014086675808422676,0.2811397378960679,-0.08483703807459751,-0.031071731169652717,0.08295545161089488,0.05625578019715024,0.007967181028894479,0.044340528334952486
0.030122004997061254,-0.0902502598551025,-0.015996559352891994,0.014380809425656834,0.2805812315805318,-0.07392797668951648,-0.030257280272482662,0.09376557538452618,0.05406783389330326,0.008891123693894444,0.04526596525235779
0.04479251642527031,-0.08432515758543112,-0.022798399770156505,0.013605454263052742,0.24245389666176345,-0.07160454557511546,-0.060757058079968784,-0.05578215057475633,0.05929219090106247,0.009646731851650669,0.04389922748076497
0.05384601986936059,-0.07480315154515675,-0.024107325469824897,0.008240827087184367,0.2813225539643094,-0.08938769034528482,-0.037510006660173595,0.04204684659397048,0.04253003846562614,0.010719103447932652,0.03430951863235282
0.045550219777107125,-0.07998332245277172,-0.022798399770156505,0.018342640364161663,0.2394727517972449,-0.08064449361256316,-0.06771237145434293,-0.08608672787695078,0.0585391242365803,0.008752550801419467,0.045047835055076785
0.05369064281512776,0.06907089256721217,0.17824514877994502,0.07545931894601539,0.1601315507417471,0.08869779011520874,0.2235969937099489,0.05929332482599117,0.10443067495974229,-0.006666671165158049,0.027623355859358177
0.050396326078883474,0.251004990500047,0.17003535685502957,0.0800960998782926,0.14895809295416856,0.09072654968642112,0.21853145323464296,0.06994976880147274,0.10271612103773478,-0.0051433508778607655,0.018594093140854664
0.05767648594475919,0.24433793931382555,0.16992953695848312,0.07939578066292287,0.14895809295416856,0.09083517230589021,0.21911121186373522,0.07002638573603215,0.10271612103773478,-0.0051433508778607655,0.01802212538999581
0.06065754804905096,0.24455277408845752,0.1710515208481187,0.06944392540101721,0.14072435178524498,0.09194278179058772,0.20973154870218008,0.07299010925630342,0.10319257910231669,-0.0051433508778607655,0.01713399830969461
0.057469490622509875,0.24438440226962044,0.1710515208481187,0.06697944573734291,0.14760932867639334,0.09194278179058772,0.21614835938159646,0.05401544209538204,0.1025993715343452,-0.0051433508778607655,0.01628958896661973
0.028589088533946875,0.2536072849712503,0.17319177566389637,0.06986427929310879,0.1481852660960683,0.08803840995084537,0.21509607984151372,0.014157759941274713,0.10386718328818509,-0.004653232381317022,0.01794153443759577
0.027319777447044693,0.22955614104356664,0.17199270888995682,0.0677663626909359,0.15686707463384272,0.13813995711228608,0.2387656509627322,0.015795036455596212,0.11482370686986498,-0.004653232381317022,0.01706071910897995
0.025425340201478408,0.2406232573566364,0.17199270888995682,0.06835784940970037,0.15335686170099802,0.1381362518494814,0.23891216153225867,0.006308966752313919,0.11710926466016597,-0.003399796216019934,0.020724975494293238
0.01269699872605047,0.25160694960830765,0.1586690611255152,0.06108937157671563,0.15334622506583895,0.13836340047008996,0.2324339274463041,0.04237549528199172,0.11905056318020608,-0.0038831260648951303,0.020724975494293238
-0.11362366288179514,0.26223607272767185,0.1721089202163448,0.08428668633508889,0.14062395410661854,0.08922111866992692,0.19625457170972,0.011533799420069334,0.10180779090721116,-0.007967570640094344,0.014951238213876755
-0.11332435937384142,0.25781943635873417,0.1721089202163448,0.08428668633508889,0.14112376794009115,0.08912775012304842,0.196559218014137,0.003962332466453343,0.10180779090721116,-0.007967570640094344,0.015030690764897034
-0.11478250740235525,0.25828027210537935,0.16991715108199082,0.08310307747471198,0.13491514841830587,0.09108569843258439,0.189788401859636,0.052313874229896896,0.10406052322311159,-0.008457689136638085,0.015342250694049629
-0.14955827737758123,0.2256160921175926,0.13574065438027486,-0.028474691307385693,-0.11206870393731089,0.14224343472270973,0.3893062220697841,-0.023979803853232888,-0.1821150490872271,-0.008632658744416212,0.02607759586458632
-0.14955827737758123,0.2256160921175926,0.13574065438027486,-0.028819709009006423,-0.11206870393731089,0.14224343472270973,0.3893062220697841,-0.02675232325997603,-0.1821150490872271,-0.010312669384637464,0.02607759586458632
0.0359057912188403,-0.03556232018607273,-0.052406137285015184,-0.042779519018846295,-0.17910268964170706,0.011101012636170297,-0.14022583007815087,0.031173853861037843,0.07545967718021862,0.013721629348328736,-0.024173208753182514
0.038843599417806296,-0.038261037953144374,-0.051076836733411575,-0.033413882996848485,-0.16828451381642565,0.012903700342897725,-0.130586778436531,0.14025990712411987,0.06914817011338825,0.014016926456237748,-0.023444888424052384
0.019652218464642757,-0.06278090292572458,-0.04701720044222972,-0.04435357313924502,-0.15653441012881478,0.0003385417579492827,-0.16038567908377688,-0.07581734139060654,0.07126036113410918,0.016203379506144575,-0.029555601280155854
0.04972597797739698,-0.044774216304177696,-0.046185328434276925,-0.02792030502759625,-0.1564663688012183,-0.0029818639862221334,-0.15300771228705348,-0.03132656160142724,0.07095123755952527,0.01661796590488058,-0.0321016588374414
0.047376351575826196,-0.05864658226050737,-0.046185328434276925,-0.030613670751853537,-0.15659281839200964,-0.004899871982200874,-0.1598928515152913,-0.07575078944934945,0.07139542353696211,0.016203379506144575,-0.0321016588374414
0.03625894885281676,-0.05981350478663713,-0.047538977119462957,-0.041568514887330016,-0.15659281839200964,-0.008833536730262857,-0.16042682781026077,-0.10006463771497594,0.06989336363372425,0.016203379506144575,-0.02946135179877749
-0.006440351975725148,-0.07236306937084357,-0.047107064853299366,-0.025318209356731246,-0.19430178435395634,-0.006373106369334319,-0.14739213149982264,-0.0037272775602127275,0.05946410009686798,0.016240326710254906,-0.029788955808864422
-0.010616196448466932,-0.08746654759081543,-0.047355859856430635,-0.025582532639781566,-0.17691677008388318,0.0020907197230854812,-0.13661136134731322,0.04397540886923547,0.06387691163257575,0.014762877479442297,-0.027024430140775914
-0.016181482388252916,-0.08923701971964834,-0.048934893952894416,-0.039910820847845155,-0.15765352100539354,-0.014067975432517317,-0.157696101742148,-0.09747340077139381,0.04900418786489707,0.0168391543214879,-0.03177290845073306
-0.024828201306456143,-0.08911918201316239,-0.047581245267708384,-0.029509976507856646,-0.15765352100539354,-0.012931254185986918,-0.15800907571925216,-0.07609523141725837,0.050506247768134935,0.0168391543214879,-0.030587390791325806
-0.057090714110586874,-0.08687952768347632,-0.048934893952894416,-0.03672285641995658,-0.15765352100539354,-0.016717313055527674,-0.1585430520142216,-0.09541587876106758,0.04665108775595575,0.0168391543214879,-0.03513027701966698
-0.029290167270684297,-0.08625415930273589,-0.048934893952894416,-0.04127358206835486,-0.15419937937861591,-0.015107072938682568,-0.15774573075097065,-0.09213650058408755,0.046540560582534855,0.017141781857250803,-0.032365287002990385
-0.03475395560840199,-0.05513162178229038,-0.047581245267708384,-0.030219192033030945,-0.15266867234235434,-0.010426792779276267,-0.1554976087987901,-0.06413227522096566,0.04989857289878148,0.0176996697647715,-0.023092977920388915
-0.034985994335884014,-0.05638407666761474,-0.048934893952894416,-0.03833727052082081,-0.15266867234235434,-0.014010470782282992,-0.1554976087987901,-0.08679298906015855,0.04839651299554363,0.0176996697647715,-0.023092977920388915
-0.03589834659654703,-0.05701377039703065,-0.047581245267708384,-0.0267947681309332,-0.15266867234235434,-0.010226899472766067,-0.15496363250382064,-0.06933128706986232,0.04989857289878148,0.0176996697647715,-0.02190746026098166
-0.03120895238843107,-0.05745015263339627,-0.046618571797979555,-0.021804383831333072,-0.17408816257875864,-0.002485732657492964,-0.1304340210887971,0.06540849052418748,0.060334877511195,0.01732203057014583,-0.02223341855670505
-0.03771616814933382,-0.053762170365988265,-0.045984207406569645,-0.03803681659183864,-0.15155841981563897,-0.005008680891949404,-0.15637093914313277,-0.20681661242936997,0.04875098206633518,0.013120987750434725,-0.01845392661798584
-0.034648468951727525,-0.04917873551598084,-0.04809705724357937,-0.02371384592971193,-0.16889136872490063,-0.0014201801497382657,-0.13072339774657468,0.04825345616581381,0.06609231336180132,0.015589626115528584,-0.019528742262840685
-0.029099587343654632,-0.04751587645355661,-0.05051354325316508,-0.030919192422450507,-0.17150801989855197,-0.003978512140358384,-0.13863899966607218,-0.00310721201560944,0.053536569945737,0.013108765294676937,-0.026804631940552784
-0.027778328188823878,-0.05688639245311341,-0.04979076102290977,-0.0386434670651808,-0.15270428581330697,-0.014340192113268257,-0.1554976087987901,-0.08409855515978847,0.04835029404960181,0.0176996697647715,-0.031655215021856704
-0.035727953655660345,-0.04917873551598084,-0.04809705724357937,-0.022634361225779123,-0.16889136872490063,-0.0014201801497382657,-0.13072339774657468,0.04825345616581381,0.06609231336180132,0.015589626115528584,-0.019528742262840685
-0.06330942826975705,-0.03730397698786553,-0.05649512692707962,-0.0336955406977321,-0.17359776901509918,-0.0053930468077815616,-0.13465972742329657,0.01587792028255012,0.05497481585568036,0.014600651227769438,-0.012060036837359785
-0.055037751063728546,-0.046776492932171225,-0.053107498171815315,-0.04537575414635159,-0.14902961910070525,-0.017768731645606287,-0.1492313381368321,-0.08302651395000914,0.05121958959412264,0.0176996697647715,-0.01698602147948195
-0.047724289491473,-0.027347941601822124,-0.05067315354027702,-0.028315770802550717,-0.16951132073930758,-0.000324399886480131,-0.12327888628242997,0.08457493951608076,0.06643927583317896,0.017117244876514778,-0.010060950599754474
-0.05519035791682356,-0.021291311046788563,-0.05637710445045619,-0.034137196860291284,-0.1671330811885476,-0.0034513572715076566,-0.13157580132657498,-0.0038391067066063755,0.05772709224847709,0.013674313430989042,-0.010060950599754474
-0.05333415284750997,-0.0283656273394543,-0.05163582701000585,-0.03383325175646399,-0.14871454237741932,-0.010655802713731795,-0.14778245083173008,-0.06513866498727622,0.05350900108495789,0.0176996697647715,-0.01372601602165116
-0.05149456537841267,-0.028930228287482415,-0.05129577191586149,-0.029672844851309922,-0.168109782567422,-0.00020363233086732313,-0.12766799888678618,0.05442615453479904,0.0668796649493987,0.015589626115528584,-0.010060950599754474
-0.05539992718028702,-0.0174119393802261,-0.05637710445045619,-0.034481985470418336,-0.16844897998238667,-0.002231318952138676,-0.13145781799398165,0.011872318602443758,0.05772709224847709,0.01447911134724136,-0.010060950599754474
-0.05456865018147924,-0.027156954100186596,-0.05067315354027702,-0.028315770802550717,-0.16936334990280108,-0.000324399886480131,-0.12377327880382542,0.09023452962336523,0.06677362652917357,0.017497104516631744,-0.013024432628622452
-0.024797949293628437,-0.03415457277043967,-0.039727772752139415,-0.01801477574509256,-0.07769422967172615,0.05788148031733584,-0.10672938960011012,0.08145501289317096,0.09348872735942587,0.017862720902699563,0.07261790309832494
-0.03590826938489652,-0.018583206893839566,-0.039609750275515984,-0.017487679090779407,-0.07695244001276813,0.05926345642226026,-0.10522308409526873,0.09646552959378196,0.0920881326431763,0.01803779484918548,0.07293556174438427
-0.04583285153417983,-0.011494863562612699,-0.046466714324487846,-0.034929405511194014,-0.07780532619626598,0.0525537173454496,-0.115174143164946,-0.011980320560010003,0.07882606268419999,0.012237270841872984,0.07137041445866432
-0.03782146914248048,-0.009716081675459657,-0.046466714324487846,-0.036509649131424855,-0.07780532619626598,0.0525537173454496,-0.11383925288065713,-0.010328250045275883,0.07882606268419999,0.012375318048628911,0.07137041445866432
-0.028682363541957877,-0.007327095800791135,-0.03924420052847358,-0.030614608623397824,-0.07708502882888912,0.05791799565936109,-0.10419241330855397,0.08228738321484358,0.09427607894702326,0.016968562205392182,0.07190802005563217
-0.022275159147964553,-0.00793725148377783,-0.03924420052847358,-0.029034365003167015,-0.07708502882888912,0.05616223932186028,-0.10552730359284283,0.08144861896131604,0.09427607894702326,0.01683051499863626,0.07469239089674848
0.0009734154638455794,-0.013053312836844468,-0.039609750275515984,-0.016408194386846597,-0.07695244001276813,0.060601669285965915,-0.10534106742786206,0.09876860242116141,0.0920881326431763,0.01803779484918548,0.07571993258550055
0.0018246920007079775,-0.030461605171857375,-0.04035039112772388,-0.021259429407854396,-0.07627191883002928,0.060890956177473365,-0.11186006863669615,0.054451111080856936,0.08786230674993017,0.016130316448082316,0.06351806039988933
0.007375904720240148,-0.022649472981802508,-0.039727772752139415,-0.019291726223571014,-0.07702340203312591,0.060770188621860594,-0.10613799510540131,0.09969091041835279,0.0913007810555789,0.01803779484918548,0.06719615558607335
0.006887913215475903,-0.020665370050332987,-0.039727772752139415,-0.0199136013721056,-0.09378254174642292,0.059334448015953375,-0.12162819542389429,0.02802630475887478,0.0863454307201028,0.017862720902699563,0.0660137573632404
0.006556747197174428,-0.020663569741904225,-0.039727772752139415,-0.018555675899836258,-0.07775477116199084,0.06093781838857529,-0.10694359267076836,0.09330498762601142,0.0898859248450645,0.01803779484918548,0.06563100830035343
-0.022471719729746424,-0.037572754831892534,-0.03990334819478884,-0.018165699419060665,-0.05953335860825296,0.04909544987064375,-0.1269852577301574,-0.002342509595987878,0.08787317164962084,0.018345463139461657,0.06324876734656383
0.05240556834471638,0.0871796852958648,0.17202561224034588,0.059939242696523815,0.1380967925376921,0.2565057986155367,0.31288545634397463,-0.024209761951420754,0.12162472229934909,-0.006631180221215295,0.0318784771635855
0.1217761186345742,0.24748943621511202,0.1435231008441098,0.0485812748169563,0.12874475077116587,0.20700295147955328,0.29822613893409505,-0.02527546149201706,0.10514280500407092,-0.007729841142584973,0.013915405835400563
0.132610034312704,0.3109626549011858,0.14151621038669498,0.05047738716473509,0.12762249664538453,0.202032783982811,0.29851304788448585,-0.09246191956327919,0.10464327657293912,-0.006486046424411716,0.011966754037186387
0.132610034312704,0.3109626549011858,0.14151621038669498,0.05047738716473509,0.12762249664538453,0.202032783982811,0.29851304788448585,-0.09246191956327919,0.10464327657293912,-0.006486046424411716,0.011966754037186387
0.12199892174490735,0.24754990993285372,0.1435231008441098,0.04880407792728947,0.12874475077116587,0.20712919472297026,0.29822613893409505,-0.025907784673842114,0.10514280500407092,-0.007729841142584973,0.013915405835400563
0.1230740482019286,0.24328504356904618,0.14286309312793458,0.04971731749138897,0.12874475077116587,0.20594700602056581,0.29822613893409505,-0.021900789647637205,0.10541844104168671,-0.007729841142584973,0.013751471532846378
0.1217761186345742,0.24748943621511202,0.1435231008441098,0.0485812748169563,0.12874475077116587,0.20700295147955328,0.29822613893409505,-0.02527546149201706,0.10514280500407092,-0.007729841142584973,0.013915405835400563
0.12128160589629816,0.25320731835462995,0.14356502874853772,0.04763158473466072,0.1285920746739557,0.13482306854458104,0.2977122970402639,-0.029335012181666276,0.1051480046340132,-0.007682395998453296,0.013457765132619747
0.006534769733465515,-0.07046597340794226,0.10129085651314525,0.049904950885234764,0.11559348435049423,-0.08069891438690029,0.1057011472975239,0.0012901469767391599,-0.11362748364475583,-0.017068366151662726,0.02088220830175825
0.0028375776161861156,-0.06802884808486741,0.09633882042315474,0.05608413517837961,0.10320450612973245,-0.20050681695810774,0.12101194506670893,-0.04781014836753365,-0.1205363767956653,-0.02097601757249671,0.02123405937190043
0.06340204310224708,-0.0479572944515098,0.11785779696218508,0.07545335169454281,0.13386679392156142,0.1484533069399444,0.18840956310383103,0.05260667127929435,-0.1076276013138381,-0.027181649425453275,0.008639708169707824
0.0020906394767689503,-0.0514537278570525,0.11751197724774198,0.057015429255578794,0.12811992881532885,0.08106636357514174,0.17993122635137024,0.024287508029803485,-0.09883989709089522,-0.024746987776076517,0.008040213975615877
0.11100927889025082,-0.05689738874117832,0.0875074908261334,0.043685540477495836,0.11815647724521626,0.08135277563184899,0.17516675267793916,0.032207869384552994,-0.11068901124585447,-0.024585934328365523,0.00484341356495056
0.10103552761594878,-0.06577072556576632,0.08846232743583007,0.045037707430264896,0.1246513788705665,0.07494369773976427,0.18580309665220912,0.02165320276410304,-0.12280691400798704,-0.021787049595699843,0.003956003976807766
0.07000906589794538,0.04731177256061823,-0.04162747510608643,0.024012964721036624,0.26798853162208364,0.015013389727586651,-0.05455728259982272,0.04680076635451114,0.04215243864757035,0.011609387951236914,0.03323956952316297
0.036967390066252485,-0.021896316275860635,-0.042618073910603696,0.038652041022918325,0.27373939882123716,-0.04806719312040501,-0.06066463307442352,0.029279972909489357,0.034108174508049226,0.011469346155574843,0.028202427879827744
0.05056601348871941,-0.012116458937521548,-0.04265522971000413,0.03588626994115703,0.27555251790683827,-0.05947674627941553,-0.045297385717613936,0.07423403855671387,0.03950473688845218,0.012205370489864434,0.027840195652433192
0.19031264506284,-0.009762319259924698,-0.033473309086076174,0.009096724811856942,0.26644895168478416,0.017337467332380466,-0.06183373940732543,0.012215502866835782,0.03222248829657903,0.007258503751660664,0.02665844756925719
0.04829931770560468,0.004840512718214391,-0.03835587036066317,0.00815908533148723,0.25515789115956,0.042721585412343,-0.05725863867842383,0.09190566209288374,0.03873842018725981,0.012348531860409215,0.02383175661340226
0.18068972637315484,0.015630771137587707,-0.030687833345644323,0.010485759853247392,0.2683019806979493,0.010127753022422593,-0.06034653733302189,0.114061730992168,0.03867041460922021,0.010437767079747973,0.028223594854977132
0.22888829421238463,-0.01385483878618966,-0.02456818789745743,0.027753324789962095,0.27277347390171075,-0.07925609213664428,-0.04061722397430011,0.042953963727585774,0.029551219415007948,0.00768539963497635,0.025450722632176757
0.23266883353426498,0.010396516239682638,-0.03618990726492706,0.024044114047996553,0.27520938040930853,-0.04856560712858305,-0.04706193870908396,0.013269387170121072,0.03122483252919641,0.007075689503158164,0.02811748640186326
0.22749579515395202,-0.012863619889642079,-0.03677405512588671,0.018424211797256923,0.27453940312406744,-0.05014772895659359,-0.06265147027773689,0.06552956382846774,0.034573073957692865,0.008622837531467566,0.02457132828717852
0.22800515700865384,0.010464065346679518,-0.03345438723013791,0.016188236445070496,0.27801490458714667,-0.058160515013367,-0.06125294162402285,0.11654556443715396,0.04222634322312427,0.01025495283124547,0.028994499350240302
0.2248203303422219,0.0028720524332405957,-0.03255951905145448,0.024342956923329225,0.27667460838313895,-0.03225446244721525,-0.06104579551455362,0.11263634415401132,0.04424493553665018,0.010242632404690151,0.029177069742195347
0.2126701486427616,0.015273847928858468,-0.03970901058795581,0.0288507043564725,0.23442896878922126,-0.04539581499006978,-0.08463733974508142,-0.0740260590996767,0.04433009734343503,0.010418496870499002,0.029372385799964908
0.18350100762362703,-0.017388369712412557,-0.033430307391885364,0.005269197039932081,0.24602234153854227,0.009530496518913774,-0.07093990645666937,0.14291868572791502,0.03198317773849955,0.007936933372856952,0.016053237486831642
0.17955617656331396,-0.020510486980622952,-0.032985365855773406,0.005666413580019048,0.24515149337100786,0.002481420568852005,-0.07093990645666937,0.14445065297813597,0.032963042575900305,0.007936933372856952,0.016053237486831642
0.18118098573144603,-0.017952041465332847,-0.03328021719466275,0.006847168370671462,0.24817723287108107,-0.002144687658547404,-0.06218111081147757,0.08321385565381495,0.03533298275866708,0.00876599890201235,0.023072399171429572
0.1830713392350129,-0.016790832342402123,-0.032985365855773406,0.005666413580019048,0.24602234153854227,0.01529493155119876,-0.07093990645666937,0.15043333559158173,0.03407977380401192,0.007936933372856952,0.017563982735101256
0.17955617656331396,-0.020510486980622952,-0.032985365855773406,0.005666413580019048,0.24515149337100786,0.002481420568852005,-0.07093990645666937,0.14445065297813597,0.032963042575900305,0.007936933372856952,0.016053237486831642
0.18456014799750625,-0.01718595261854033,-0.033696744602128736,0.005031338224304074,0.24602234153854227,0.006703807223178892,-0.07093990645666937,0.14729266305344407,0.032513152207568244,0.007936933372856952,0.017563982735101256
0.0019187092424527907,-0.05066170900818858,0.09925320488443537,0.08097068560504066,-0.10423077575310541,-0.12209598209771351,0.2541636187513922,0.20927648434659749,0.06689093617545873,-0.0024878544452376426,-0.014134465286210946
0.0019187092424527907,-0.05066170900818858,0.09925320488443537,0.08097068560504066,-0.10423077575310541,-0.12209598209771351,0.2541636187513922,0.20927648434659749,0.06689093617545873,-0.0024878544452376426,-0.014134465286210946
0.0019187092424527907,-0.05066170900818858,0.09925320488443537,0.08097068560504066,-0.10423077575310541,-0.12209598209771351,0.2541636187513922,0.20927648434659749,0.06689093617545873,-0.0024878544452376426,-0.014134465286210946
0.011297301282511179,-0.04806360210520084,0.09925320488443537,0.08097068560504066,-0.10423077575310541,-0.11900988613662088,0.25501056902346586,0.20927648434659749,0.06689093617545873,-0.0024878544452376426,-0.014134465286210946
0.011297301282511179,-0.04806360210520084,0.09925320488443537,0.08097068560504066,-0.10423077575310541,-0.11900988613662088,0.25501056902346586,0.20927648434659749,0.06689093617545873,-0.0024878544452376426,-0.014134465286210946
0.011297301282511179,-0.04806360210520084,0.09925320488443537,0.08097068560504066,-0.10423077575310541,-0.11900988613662088,0.25501056902346586,0.20927648434659749,0.06689093617545873,-0.0024878544452376426,-0.014134465286210946
0.0114711067942988,-0.04466709467725111,0.09925320488443537,0.08097068560504066,-0.10650396479202819,-0.11900988613662088,0.25501056902346586,0.20927648434659749,0.06537196473708706,-0.0024878544452376426,-0.013912617748653863
0.015676994877654234,-0.0412120704296616,0.09925320488443537,0.08097068560504066,-0.10598677840639845,-0.1171432042388376,0.25501056902346586,0.20927648434659749,0.06247718705517982,-0.0024878544452376426,-0.013912617748653863
0.014896674070675632,-0.04686728488038521,0.09925320488443537,0.08097068560504066,-0.10598677840639845,-0.11749938275457184,0.25524721014334745,0.2105069050127739,0.06247718705517982,-0.0022512133253560526,-0.013912617748653863
0.014563729735669271,-0.046884343465674584,0.0992293813623913,0.08097068560504066,-0.10598677840639845,-0.11749938275457184,0.2553718189574607,0.21063151382688713,0.06247718705517982,-0.0021266045112427845,-0.013912617748653863
-0.01935329748250914,-0.10140016870994828,0.08977657902482182,0.05256743499458782,0.0669923663313837,-0.20598231841921807,0.14179667396926465,-0.07358191226926325,-0.16322316886505525,-0.02056375084438386,-0.01879151181513124
0.007033141457666908,-0.10533975854955652,0.08977657902482182,0.042086504286453816,0.0654474073250268,-0.20714158491535126,0.1437539855035485,-0.07893300927119531,-0.1630049103551351,-0.020752492402573784,-0.021985546048712043
0.048597709326219714,-0.09893005465279728,0.08984140758436115,0.04588494087490731,0.0654474073250268,-0.20271658141768828,0.14530295286067554,-0.08106725818333885,-0.1624951508135704,-0.020752492402573784,-0.021985546048712043
0.03602016369380274,-0.09938669666996784,0.08984140758436115,0.05640013438929257,0.06525359649033574,-0.2027069248298579,0.14385639694358004,-0.0809937093426213,-0.16302746734556242,-0.020752492402573784,-0.022437301660866993
0.027256702447746767,-0.10422867653945438,0.0903382306908843,0.05708100849341164,0.06525359649033574,-0.2053360035484919,0.1399232190738852,-0.08177021651973937,-0.16302746734556242,-0.020752492402573784,-0.022567960446673377
0.02584942127136853,-0.1045324831356349,0.0903382306908843,0.05888558324331182,0.06525359649033574,-0.20542770103611496,0.14054327504691994,-0.08301211795552726,-0.16240741137252768,-0.020752492402573784,-0.022567960446673377
0.012478937557304006,-0.10408226927647594,0.0903382306908843,0.05500288611863011,0.06594156000345894,-0.20670311292031143,0.14054327504691994,-0.08395067158930596,-0.16240741137252768,-0.020752492402573784,-0.024460611871693627
0.03109703324914711,0.0648494147919314,0.09547263925265448,0.07094734652678658,-0.09966246463718142,0.01056672666035404,0.33543582063920474,-0.02925937321264353,-0.16270142956958683,-0.00944586135984644,0.026968264668931458
0.0026292241435927786,0.04546347823526346,0.08802019599288674,0.07117704444108157,-0.092322462374691,0.011744887120989221,0.33663297023870575,-0.18700530771072296,-0.16224287528520218,-0.007260857224056968,0.014089245259470739
-0.023657677766992232,0.04182276197483138,0.08802019599288674,0.07526246296963983,-0.09179481090039569,0.013509797892868124,0.33663297023870575,-0.17793707896201164,-0.15453725063971419,-0.009458859573125783,0.0152740654477938
0.0026292241435927786,0.04546347823526346,0.08802019599288674,0.07117704444108157,-0.092322462374691,0.011744887120989221,0.33663297023870575,-0.18700530771072296,-0.16224287528520218,-0.007260857224056968,0.014089245259470739
0.0026292241435927786,0.04546347823526346,0.08802019599288674,0.07117704444108157,-0.092322462374691,0.011744887120989221,0.33663297023870575,-0.18700530771072296,-0.16224287528520218,-0.007260857224056968,0.014089245259470739
0.03156895501357692,0.06989833582330748,0.09444631231546687,0.07243581082907655,-0.11149462513371593,0.010474065543292792,0.3218778601235652,0.029342123609076756,-0.16520826813530795,-0.009440461746698874,0.024277952340775105
0.016932843908068176,0.06139045207517629,0.09564157803291544,0.07235538340980267,-0.10125396014817774,0.008449329360510667,0.33204076611404915,-0.017316490671069325,-0.16312849192097123,-0.00953540763239515,0.026968264668931458
0.019383402321650964,0.05962935104997428,0.09587414361929744,0.06895638414873262,-0.09785890562302212,0.008022049597746337,0.3358495306142168,-0.03698454333947028,-0.1628411708373865,-0.00953540763239515,0.027318437260781894
0.019383402321650964,0.05962935104997428,0.09587414361929744,0.06895638414873262,-0.09785890562302212,0.008022049597746337,0.3358495306142168,-0.03698454333947028,-0.1628411708373865,-0.00953540763239515,0.027318437260781894
0.05987730925694975,0.03800877491665049,0.09620494246041224,0.09226064150148501,-0.10488567168281845,0.018500886243488165,0.32600104406749714,-0.015002320458169204,-0.15453382585693992,-0.007640641017467534,0.02086716139241602
-0.06218617471392606,0.05919494243738218,0.09439541878345548,0.08099417239306057,-0.09217251038150218,0.028976238765820422,0.3355705515372007,-0.0258582617829679,-0.14715412267569433,-0.01009028345731087,0.030066137989261152
0.024418646947729484,0.0471855423564576,0.09348685265406553,0.06743193651934815,-0.09217251038150218,0.023138511494537137,0.3361174887521619,-0.033602374493289774,-0.14539240493389158,-0.01009028345731087,0.029979436747529703
0.017751516042568607,0.03637885674070223,0.08576605102773878,0.06873979900822072,-0.0898319500266065,0.01859863236482379,0.3370122462004531,-0.1696911608868595,-0.14479410938170723,-0.00781573304897269,0.017291069917359923
0.11045902278233283,0.04805993693935361,0.0920311771475653,0.051245151626436024,-0.0875687245781378,0.009787828978798253,0.3363532577234584,-0.022166651920344227,-0.1351613308399619,-0.010333460752808884,0.030678140157955405
0.018630940990028568,0.04962963872928579,0.0921921673503189,0.07155967817582637,-0.10472367900982432,0.022975154446074966,0.3188656089778644,0.026918434296229716,-0.1498319211692953,-0.009525931945093144,0.027519447453270396
0.11269334752363182,0.05860455884906439,0.0917986115611833,0.05417478705172085,-0.0875687245781378,0.010271929783303864,0.3363532577234584,-0.009793879528537055,-0.14876322450947335,-0.010333460752808884,0.030678140157955405
0.0857750585572616,0.06489755582049596,0.0920311771475653,0.05145056738196854,-0.08738762008885803,0.006998401132027494,0.3366920845228194,-0.023313221572089926,-0.14700493451580174,-0.010333460752808884,0.030580108897160438
0.08567446174587416,0.06285133059967916,0.0920311771475653,0.05145056738196854,-0.08738762008885803,0.006998401132027494,0.3366920845228194,-0.023313221572089926,-0.14809114675598262,-0.010333460752808884,0.030580108897160438
0.036298101674093884,-0.08770154519614977,-0.06557145789863032,0.016632985712426572,-0.14410520916694766,-0.08758015801590958,-0.23850974908931016,-0.19961263496828635,-0.16776952323704467,-0.011214687335643877,-0.02320903851829075
-0.11015275730960508,-0.0877735535236744,-0.07020007260853528,0.017003744163032616,-0.15262781683230053,-0.09570741870553963,-0.24548162791433073,-0.05955599265433833,-0.1576679241234094,-0.01004551697910353,-0.054815964354873264
-0.10896706897588242,-0.08069920980312108,-0.07020007260853528,0.017003744163032616,-0.15262781683230053,-0.09659971738684615,-0.24499683954901713,-0.05791428957604309,-0.15477314644150214,-0.009848771932486632,-0.054815964354873264
-0.10896706897588242,-0.08069920980312108,-0.07020007260853528,0.017003744163032616,-0.15262781683230053,-0.09659971738684615,-0.24499683954901713,-0.05791428957604309,-0.15477314644150214,-0.009848771932486632,-0.054815964354873264
-0.10289176967068173,-0.07526160401154233,-0.0672811066472869,0.013421894587454328,-0.15476615451866416,-0.09451912584549033,-0.24579563460839654,-0.17665081474508845,-0.14578485186874174,-0.010665517035086707,-0.05391016580888081
-0.11483828583767539,-0.08589347368286902,-0.07317552471470182,0.003961614672191534,-0.15961212726244292,-0.09749309879727569,-0.2439923799701392,-0.07012631695245151,-0.15690072215519454,-0.009848771932486632,-0.05470448740134041
-0.08766186234976096,-0.06598946188123106,-0.06262282282721991,0.015502303238151995,-0.15240802499211578,0.044399511379177886,-0.2485564876861468,-0.2027096876038562,-0.14381308764499068,-0.00928662679926162,-0.04795813182834938
-0.08813681097318327,-0.06677783463425926,-0.06349997384706349,0.019084152813730288,-0.14979570538426104,0.08633663282296887,-0.24810621166534153,-0.03995544944966379,-0.15001284103349116,-0.008469881696661545,-0.04401084292124638
-0.09052934914712495,-0.07191607227368468,-0.06314444142260242,0.0012155923369491124,-0.1835023903346121,0.06877797102414575,-0.23390960585070894,0.035520258474918354,-0.15874153504313504,-0.008835200464731898,-0.04717130674907444
-0.09214724715586699,-0.07665198392214313,-0.06410711489233131,0.009270263234715052,-0.1504972980165284,0.08217054786047465,-0.24810621166534153,-0.04760208098874754,-0.1550932085924885,-0.008469881696661545,-0.04401084292124638
-0.08760557243114851,-0.06188231141112915,-0.06262282282721991,0.015845656508579418,-0.15232671298025655,0.042130620196762204,-0.24803070709556407,-0.20663470353984784,-0.15086478916189616,-0.009220364125602768,-0.04771893339133399
-0.08760557243114851,-0.06188231141112915,-0.06262282282721991,0.015845656508579418,-0.15232671298025655,0.042130620196762204,-0.24803070709556407,-0.20663470353984784,-0.15086478916189616,-0.009220364125602768,-0.04771893339133399
-0.10627416529558784,-0.05810326419612679,-0.06608372929558802,0.018478060499778112,-0.15082776191953376,-0.07319085608021779,-0.24503179057616853,-0.04952005008031455,-0.17273958544922272,-0.009706646341987191,-0.04800139986248975
-0.10627416529558784,-0.05810326419612679,-0.06608372929558802,0.018478060499778112,-0.15082776191953376,-0.07319085608021779,-0.24503179057616853,-0.04952005008031455,-0.17273958544922272,-0.009706646341987191,-0.04800139986248975
-0.11624791155439676,-0.052956615105401346,-0.06660124993132754,0.022419288381984637,-0.15082776191953376,-0.07301415728175846,-0.24503179057616853,-0.048293358957157355,-0.17273958544922272,-0.009706646341987191,-0.04800139986248975
-0.11691392082659441,-0.05695839091779371,-0.06660124993132754,0.022419288381984637,-0.15074644775945778,-0.0733325589675814,-0.24422619301080148,-0.050271766978261447,-0.17273958544922272,-0.009706646341987191,-0.04800139986248975
-0.12053477879358011,-0.05950420865517851,-0.06849600609114179,0.005210419907219772,-0.18836281337627406,-0.07871185485056327,-0.23359220915549503,-0.0059794952263276,-0.17010302727624116,-0.010084285536612864,-0.05207849305730622
-0.1233461457611194,-0.05474659062645114,-0.06945867956087068,0.009281930007491744,-0.1575484793181325,-0.07446281475343586,-0.24229530306676708,-0.06590755559952262,-0.17684755900981514,-0.009706646341987191,-0.05207849305730622
-0.09004251815997237,0.004716842190506114,-0.06029255838274218,0.04219820912647682,-0.14725293367584533,0.07146229384148971,-0.24415858881653463,-0.03779934825158957,-0.16506318200107856,-0.0002933328181832763,-0.04263743123142469
-0.09004251815997237,0.004716842190506114,-0.06029255838274218,0.04219820912647682,-0.14725293367584533,0.07146229384148971,-0.24415858881653463,-0.03779934825158957,-0.16506318200107856,-0.0002933328181832763,-0.04263743123142469
-0.09615498766271656,0.00039793363501662994,-0.05826840871171477,0.026266255852447504,-0.17955808045431076,0.0521515789497486,-0.23402421065882445,0.008280190845352477,-0.17212488919466706,-0.002103912642090379,-0.04577859871439683
-0.09655085491731903,-0.007994735431373867,-0.06089969942801002,0.035444525178554794,-0.15410920247165694,0.07026807776435622,-0.24315412923765675,-0.05280567665675803,-0.16735958003212603,-0.0002933328181832763,-0.04459966735734014
-0.09539861297184553,0.00560748164162641,-0.059856717344465495,0.049866041915302105,-0.14709700946528576,0.06408649857608834,-0.24415858881653463,-0.037705611492512385,-0.1647753944308308,0.00046758018434329485,-0.04263743123142469
-0.09376388833519948,0.011300718607705406,-0.059856717344465495,0.05821379967484077,-0.1467969172360756,0.0591175619897491,-0.24415858881653463,-0.03645261255180333,-0.1647753944308308,0.00046758018434329485,-0.04211643600048312
-0.16539104647894026,0.01848984843498329,-0.07147461887713026,-0.10265156497227905,-0.30152978393128366,0.013660025164654921,-0.22988507717854112,-0.021893005967688152,-0.16635921794979133,-0.019566678566928994,0.007207991814569154
-0.14647648530027393,-0.1304747451459374,-0.07704303284914718,-0.1346316492904341,-0.2950723154329557,-0.02765019021071465,-0.2270407598624285,0.007307568845541516,-0.17441738972829232,-0.03703994054793975,-0.003015381373375755
-0.15528431576440502,-0.130817828678367,-0.0768903103515831,-0.13291172790089728,-0.29732868579788807,-0.030231788025011083,-0.2270407598624285,0.022315049280885967,-0.17971971590015073,-0.041253430486223396,-0.003136686564303161
-0.08662643635062842,-0.10405015682016816,-0.038777577013440506,0.011948414887718115,0.21737801136147003,-0.09840487474573696,-0.10472396318672987,-0.12732979474790382,-0.11752181022730947,-0.02002849666893231,-0.05555603127777976
-0.08662643635062842,-0.10405015682016816,-0.038777577013440506,0.011948414887718115,0.21737801136147003,-0.09840487474573696,-0.10472396318672987,-0.12732979474790382,-0.11752181022730947,-0.02002849666893231,-0.05555603127777976
-0.11544621878935302,-0.10405015682016816,-0.038777577013440506,0.011948414887718115,0.21313259209427743,-0.09840487474573696,-0.11066026200802555,-0.12732979474790382,-0.11268872742463452,-0.02002849666893231,-0.05555603127777976
-0.11544621878935302,-0.10405015682016816,-0.038777577013440506,0.011948414887718115,0.21313259209427743,-0.09840487474573696,-0.11066026200802555,-0.12732979474790382,-0.11268872742463452,-0.02002849666893231,-0.05555603127777976
0.186651484019153,0.04373749668057971,0.04004963150212735,-0.04947294070555759,-0.09994092999010015,0.1595255186303671,0.3701007185645827,0.1533425018572917,-0.10539602213886654,-0.01521835362512411,-0.01137279803215579
0.20635236176572186,0.03896313755343318,0.0354861072240681,-0.06269552191287589,-0.10742433006672009,0.18159244633677904,0.4015716564206899,0.037762851120280425,-0.11411091141123736,-0.02047553847579436,-0.02719041799830688
